id_feu,unidad_regional,siniestro_fecha,siniestro_hora,provincia,id_provincia,departamento,id_departamento,localidad,zona_ocurrencia,via_publica,nombre_via,altura_km,entre_calle_1,entre_calle_2,latitud,longitud,ilesos,heridos,fallecidos,vehiculos,peatones,tipo_siniestro_multiple,tipo_siniestro_unico,despiste_previo,tipo_siniestro_otro,tipo_colision,cantidad_de_involucrados,trazado_via,configuracion_de_la_via,configuracion_de_la_via_otro_tipo,pendiente_declive,cono_de_vision,material_de_la_calzada,material_de_la_calzada_otro,estado_de_la_calzada,estado_fisico_ambiental,estado_de_conservacion_otro,division_fisica_de_la_via,division_fisica_de_la_via_otro,barreras_de_seguridad,banquinas,senalizacion_carteleria,senalizacion_horizontal,senalizacion_transitoria,luminosidad,luz_artificial,transito_restringido,estado_ambiental,visibilidad,visibilidad_otro,semaforo
109612,OBSERVATORIO VIAL,2021-11-07,7:40:00,CORRIENTES,18,CAPITAL,21,CORRIENTES,Urbana,Calle,GENERAL PAZ,2200,GOBERNADPR CONTE,,-2.747.967,-5.882.402,2,0,0,2,0,Colisión entre vehículos,Colisión entre vehículos,S/D,,,2,Recta,Intersección / cruce,,NO,,Asfalto,,Apto,Seca,,Ninguna,,,,S/D,S/D,S/D,Día,NO,Sin Restricción,Despejado,Buena,,Sin Semáforo
98236,OBSERVATORIO VIAL,2021-11-07,22:23:00,CORRIENTES,18,CAPITAL,21,CORRIENTES,Urbana,Calle,CHILE,2000,GENERAL PAZ,,-2.748.035,-5.881.764,2,0,0,2,0,Colisión entre vehículos,Colisión entre vehículos,S/D,,Alcance,2,Recta,Intersección / cruce,,NO,,Asfalto,,Apto,Seca,,Ninguna,,,,Si,S/D,,Noche,SI,Sin Restricción,Despejado,Buena,,Sin Semáforo
106222,OBSERVATORIO VIAL,2021-11-06,21:50:00,CORRIENTES,18,CAPITAL,21,CORRIENTES,Urbana,Calle,CATAMARCA,1200,SAN MARTIN,,-2.747.013,-5.883.331,1,1,0,2,0,Colisión entre vehículos,Colisión entre vehículos,S/D,,,2,Recta,Intersección / cruce,,NO,,Asfalto,,Apto,"Despejada, Seca",,Ninguna,,,,Si,Si,S/D,Noche,SI,Sin Restricción,Despejado,Buena,,Sin Semáforo
98277,OBSERVATORIO VIAL,2021-11-06,8:25:00,CORRIENTES,18,CAPITAL,21,CORRIENTES,Urbana,Avenida,AV INDEPENDENCIA,4200,LAS PIEDRAS,,-2.748.072,-5.880.049,2,0,0,2,0,Colisión entre vehículos,Colisión entre vehículos,S/D,,,2,Recta,Intersección / cruce,,NO,,Hormigón,,Apto,Seca,,Cordón Divisorio,,,,Si,Si,No,Día,NO,Sin Restricción,Despejado,Buena,,Funciona
127950,MUNICIPALIDAD DE CORRIENTES,2021-11-06,14:10:00,CORRIENTES,18,CAPITAL,21,CORRIENTES,Urbana,Calle,AREQUIMPA,3200,,,,,1,1,0,2,0,Colisión entre vehículos,Colisión entre vehículos,S/D,,Angulo,2,Recta,Intersección / cruce,,NO,,Hormigón,,Apto,Seca,,,,,,S/D,S/D,S/D,Día,NO,Sin Restricción,Despejado,Buena,,Sin Semáforo
128641,MUNICIPALIDAD DE CORRIENTES,2021-11-06,8:30:00,CORRIENTES,18,CAPITAL,21,CORRIENTES,Urbana,Avenida,AV PUJOL,2200,BRASIL,,,,3,0,0,2,0,Colisión entre vehículos,Colisión entre vehículos,S/D,,,2,Recta,Intersección / cruce,,NO,,Asfalto,,Apto,Seca,,,,,,,,,Día,NO,Sin Restricción,Despejado,Buena,,
96771,OBSERVATORIO VISL,2021-11-03,18:00:00,CORRIENTES,18,CAPITAL,21,CORRIENTES,Urbana,Avenida,MEDRANO,3000,CARTAJENAEN LA ROTONDA,,-2.749.601,-5.880.042,1,2,0,2,0,Colisión entre vehículos,Colisión entre vehículos,S/D,,,2,Curva,Rotonda,,NO,,Asfalto,,Apto,Seca,,Ninguna,,,,S/D,S/D,S/D,Atardecer,NO,Sin Restricción,Despejado,Buena,,Sin Semáforo
98271,OBSERVATORIO VIAL,2021-11-03,1:30:00,CORRIENTES,18,CAPITAL,21,CORRIENTES,Urbana,Calle,J.R. VIDAL,2200,MADARIAGA,,-2.748.278,-5.883.893,2,0,0,2,0,Colisión entre vehículos,Colisión entre vehículos,S/D,,,2,Recta,Intersección / cruce,,NO,,Hormigón,,Apto,Seca,,Ninguna,,,,No,No,No,Noche,SI,Sin Restricción,Despejado,Buena,,Sin Semáforo
106245,OBSERVATORIO VIAL,2021-11-02,8:40:00,CORRIENTES,18,CAPITAL,21,CORRIENTES,Urbana,Calle,LAVALLE,3700,TACUARI,,-2.748.128,-5.880.662,1,1,0,2,0,,,S/D,,,2,Recta,Intersección / cruce,,NO,,Asfalto,,Apto,Seca,,Ninguna,,,,No,No,No,Día,NO,Sin Restricción,Despejado,Buena,,Sin Semáforo
107682,OBSERVATORIO VIAL,2021-11-02,12:15:00,CORRIENTES,18,CAPITAL,21,CORRIENTES,Urbana,Avenida,AV MAIPU,800,MADARIAGA,,-2.748.509,-5.882.423,1,1,0,2,0,Colisión entre vehículos,Colisión entre vehículos,S/D,,,2,Recta,Intersección / cruce,,NO,,Asfalto,,Apto,Seca,,Ninguna,,,,No,No,No,Día,NO,Sin Restricción,,Buena,,Sin Semáforo
119988,MUNICIPALIDAD DE CORRIENTES,2021-11-01,19:05:00,CORRIENTES,18,CAPITAL,21,CORRIENTES,Urbana,Ruta Nacional,12,1031,,,-2.746.971,-5.883.236,1,2,0,2,0,Colisión entre vehículos,Colisión entre vehículos,S/D,,Frontal,2,Recta,Intersección / cruce,,NO,,Asfalto,,Apto,Seca,,,,,,,,,Día,NO,Sin Restricción,Despejado,Buena,,
128319,DIRECCIÓN DE TRANSITO CAPITAL,2021-11-01,8:10:00,CORRIENTES,18,CAPITAL,21,CORRIENTES,Urbana,Calle,,,RIZZUTO,,,,1,1,0,2,0,"Colisión entre vehículos, Explosión",Colisión entre vehículos,S/D,,,2,Recta,Intersección / cruce,,NO,,Asfalto,,Apto,Seca,,,,,,,,,Día,NO,Sin Restricción,Despejado,Buena,,
109643,OBSERVATORIO VIAL,2021-11-01,10:39:00,CORRIENTES,18,CAPITAL,21,CORRIENTES,Urbana,Avenida,AV GOBERNADOR RUIZ,2400,VELEZ SAERSFIELD,,-2.746.683,-5.881.986,1,1,0,1,0,Colisión entre vehículos,Colisión entre vehículos,S/D,,,1,Recta,Intersección / cruce,,NO,,Asfalto,,Apto,Seca,,Ninguna,,,,Si,Si,No,Día,NO,Sin Restricción,Despejado,Buena,,Sin Semáforo
132612,MUNICIPALIDAD DE CORRIENTES,2021-10-31,13:00:00,CORRIENTES,18,CAPITAL,21,CORRIENTES,Urbana,Avenida,AV. PRESIDENTE NICOLAS AVELLANEDA,3900,LAS PIEDRAS,,,,1,1,0,2,0,Colisión entre vehículos,Colisión entre vehículos,S/D,,,2,Recta,,,NO,,Asfalto,,Apto,Seca,,,,,,,,,Día,NO,Sin Restricción,Despejado,Buena,,
119975,MUNICIPALIDAD DE CORRIENTES,2021-10-30,8:00:00,CORRIENTES,18,CAPITAL,21,CORRIENTES,Urbana,Avenida,AV ARTIGAS,,BOLIVAR,,,,2,0,0,2,0,,,S/D,,,2,Recta,Intersección / cruce,,NO,,Asfalto,,Apto,Seca,,,,,,Si,Si,,Día,NO,Sin Restricción,Despejado,Buena,,Sin Semáforo
123443,MUNICIPALIDAD DE CORRIENTES,2021-10-30,13:10:00,CORRIENTES,18,CAPITAL,21,CORRIENTES,Urbana,Avenida,AV. 3 DE ABRIL,1598,SANTA FE,,,,2,0,0,2,0,Colisión entre vehículos,Colisión entre vehículos,S/D,,Lateral,2,Recta,Intersección / cruce,,NO,,Asfalto,,Apto,Seca,,,,,,Si,Si,No,Día,NO,Sin Restricción,Despejado,Buena,,Funciona
131707,MUNICIPALIDAD DE CORRIENTES,2021-10-30,13:30:00,CORRIENTES,18,CAPITAL,21,CORRIENTES,Urbana,Calle,ESPAÑA,,RIVADAVIA,,,,3,0,0,2,0,Colisión entre vehículos,Colisión entre vehículos,S/D,,,2,Recta,Intersección / cruce,,NO,,Hormigón,,Apto,,,,,,,,,,Día,NO,Sin Restricción,Despejado,Buena,,
121559,MUNICIPALIDAD DE CORRIENTES,2021-10-30,11:00:00,CORRIENTES,18,CAPITAL,21,CORRIENTES,Urbana,Avenida,AV INDEPENDENCIA,,LAS PIEDRAS,,,,1,0,1,2,0,Colisión entre vehículos,Colisión entre vehículos,S/D,,,2,Recta,Intersección / cruce,,NO,,Asfalto,,Apto,Mojada,,,,,,Si,,,Día,NO,Sin Restricción,Lluvia,Lluvia,,Funciona
129559,MUNICIPALIDAD DE CORRIENTES,2021-10-29,15:30:00,CORRIENTES,18,CAPITAL,21,CORRIENTES,Urbana,Calle,AV AYACUCHO,2400,,,,,1,1,0,2,0,Colisión entre vehículos,Colisión entre vehículos,S/D,,,2,Recta,Intersección / cruce,,NO,,Asfalto,,Apto,Seca,,Ninguna,,,,,,,Día,NO,Sin Restricción,Despejado,Buena,,
119980,MUNICIPALIDAD DE CORRIENTES,2021-10-29,10:10:00,CORRIENTES,18,CAPITAL,21,CORRIENTES,Urbana,Calle,TACUARI,2300,HAWAI,,,,2,0,0,2,0,Colisión entre vehículos,Colisión entre vehículos,S/D,,,2,Recta,Intersección / cruce,,NO,,Asfalto,,Apto,Seca,,,,,,,,,Día,NO,,Despejado,Buena,,Sin Semáforo
124192,Capital,2021-10-29,11:37:00,CORRIENTES,18,CAPITAL,21,CORRIENTES,Urbana,Avenida,Av Teniente Ibañez,500,Alberdi,,-2.747.487,-5.884.430,2,0,0,2,0,Colisión entre vehículos,Colisión entre vehículos,S/D,,,2,Recta,Intersección / cruce,,NO,,,,Apto,Seca,,,,,,,,,Día,NO,Sin Restricción,Despejado,Buena,,
128320,MUNICIPALIDAD DE CORRIENTES,2021-10-29,9:40:00,CORRIENTES,18,CAPITAL,21,CORRIENTES,Urbana,Ruta Nacional,12,1030,,,,,0,1,0,1,0,"Caída desde vehículo, Despiste",Despiste,Si,,,1,Recta,Rotonda,,NO,,Asfalto,,Apto,Seca,,Ninguna,,,,,,,Día,,Obra en Construcción,Despejado,Buena,,
106212,OBSERVATORIO VIAL,2021-10-28,13:30:00,CORRIENTES,18,CAPITAL,21,CORRIENTES,Urbana,Calle,PLACIDO MARTINEZ,367,,,-2.746.190,-5.883.652,1,1,0,2,0,Colisión entre vehículos,Colisión entre vehículos,S/D,,,2,Recta,Intersección / cruce,,NO,,Asfalto,,Apto,Seca,,Ninguna,,,,S/D,S/D,S/D,Día,NO,Sin Restricción,Despejado,Buena,,Sin Semáforo
119978,MUNICIPALIDAD DE CORRIENTES,2021-10-28,12:15:00,CORRIENTES,18,CAPITAL,21,CORRIENTES,Urbana,Calle,PARAGUAY,700,,,,,3,0,0,3,0,,,S/D,,,3,Recta,Intersección / cruce,,NO,,Asfalto,,Apto,Seca,,Ninguna,,,,S/D,S/D,S/D,Día,NO,Sin Restricción,Despejado,Buena,,
120713,MUNICIPALIDAD DE CORRIENTES,2021-10-28,23:28:00,CORRIENTES,18,CAPITAL,21,CORRIENTES,Urbana,Calle,TUCUMAN,500,,,,,0,2,0,1,0,Caída desde vehículo,Caída desde vehículo,S/D,,,1,Recta,Intersección / cruce,,NO,,Asfalto,,Baches,,,,,,,No,No,,Noche,SI,,Despejado,Buena,,Sin Semáforo
119962,MUNICIPALIDAD DE CORRIENTES,2021-10-28,17:00:00,CORRIENTES,18,CAPITAL,21,CORRIENTES,Urbana,Avenida,AV. MAIPU,4900,,,,,2,0,0,2,0,Colisión entre vehículos,Colisión entre vehículos,S/D,,Alcance,2,Recta,Intersección / cruce,,NO,,Asfalto,,Apto,Seca,,Cordón Divisorio,,,,No,No,No,Día,SI,Sin Restricción,Despejado,Buena,,Sin Semáforo
124142,MUNICIPALIDAD DE CORRIENTES,2021-10-27,10:30:00,CORRIENTES,18,CAPITAL,21,CORRIENTES,Urbana,Calle,SAN JUAN,1100,BOLIVAR,,,,2,0,0,2,0,Colisión entre vehículos,Colisión entre vehículos,S/D,,,2,Recta,Intersección / cruce,,NO,,Asfalto,,Apto,Seca,,,,,,,,,Día,NO,,Despejado,Buena,,
108436,OBSERVATORIO VIAL,2021-10-27,8:15:00,CORRIENTES,18,CAPITAL,21,CORRIENTES,Urbana,Avenida,AV LIBERTAD,6500,RUTA 12,,,,1,1,0,2,0,Colisión entre vehículos,Colisión entre vehículos,S/D,,Angulo,2,Recta,Intersección / cruce,,NO,,Hormigón,,Apto,Seca,,Cordón Divisorio,,,,S/D,S/D,S/D,Día,NO,Sin Restricción,Despejado,,,Sin Semáforo
114278,MUNICIPALIDAD DE CORRIENTES,2021-10-27,19:05:00,CORRIENTES,18,CAPITAL,21,CORRIENTES,Urbana,Avenida,AV. GOBERNADOR RUIZ,2365,,,,,2,1,0,2,0,Colisión entre vehículos,Colisión entre vehículos,S/D,,Angulo,2,Recta,Intersección / cruce,,NO,,Asfalto,,Apto,,,Cordón Divisorio,,,,No,No,No,Noche,SI,Sin Restricción,,,,Sin Semáforo
121671,MUNICIPALIDAD DE CORRIENTES,2021-10-27,10:45:00,CORRIENTES,18,CAPITAL,21,CORRIENTES,Urbana,Semiautopista/Autovía,AUTOVIA ISLAS MALVINAS,,LILA SOTO,,-2.757.037,-5.875.694,0,2,0,1,0,Despiste,Despiste,Si,,,1,Recta,Intersección / cruce,,,,Asfalto,,Apto,Seca,,,,,,No,No,No,Día,NO,Sin Restricción,Despejado,Buena,,Sin Semáforo
97580,OBSERVATORIO VIAL,2021-10-27,16:30:00,CORRIENTES,18,CAPITAL,21,CORRIENTES,Urbana,Avenida,AV FERRE,2100,BRASIL,,-2.747.698,-5.882.509,2,0,0,2,0,Colisión entre vehículos,Colisión entre vehículos,S/D,,,2,Recta,Intersección / cruce,,NO,,Hormigón,,Apto,Seca,,Ninguna,,,,Si,Si,No,Día,,Sin Restricción,Despejado,Buena,,Funciona
107648,OBSERVATORIO VIAL,2021-10-27,16:20:00,CORRIENTES,18,CAPITAL,21,CORRIENTES,Urbana,Avenida,AV MAIPU,3500,,,-2.750.376,-5.881.215,0,1,0,1,0,Colisión entre vehículos,Colisión entre vehículos,S/D,,,1,Recta,Intersección / cruce,,NO,,Asfalto,,Apto,Seca,,Ninguna,,,,S/D,S/D,S/D,Día,NO,Sin Restricción,Despejado,Buena,,Sin Semáforo
118307,CORRIENTES,2021-10-26,10:49:00,CORRIENTES,18,CAPITAL,21,CORRIENTES,Urbana,Avenida,AV LA PAZ,,HONDURAS,,,,1,2,0,2,0,Colisión entre vehículos,Colisión entre vehículos,S/D,,Angulo,2,Recta,Intersección / cruce,,NO,,Hormigón,,Apto,Seca,,Ninguna,,,,No,No,,Día,NO,Sin Restricción,Despejado,Buena,,Sin Semáforo
131002,MUNICIPALIDAD DE CORRIENTES,2021-10-26,10:55:00,CORRIENTES,18,CAPITAL,21,CORRIENTES,Urbana,Calle,CARTAGENA,,SUSSINI,,,,2,1,0,2,0,Colisión entre vehículos,Colisión entre vehículos,S/D,,,2,Recta,,,NO,,Asfalto,,Apto,,,Ninguna,,,,,,,Día,,,Despejado,Buena,,
106264,OBSERVATORIO VIAL,2021-10-26,9:25:00,CORRIENTES,18,CAPITAL,21,CORRIENTES,Urbana,Avenida,AV INDEPENDENCIA,4400,MEDRANO,,-2.748.140,-5.879.832,1,1,0,2,0,Colisión entre vehículos,Colisión entre vehículos,S/D,,,2,Recta,Intersección / cruce,,NO,,Asfalto,,Apto,Seca,,Cordón Divisorio,,,,Si,Si,No,Día,NO,Sin Restricción,Nublado,Buena,,Funciona
115163,CAPITAL,2021-10-26,17:20:00,CORRIENTES,18,CAPITAL,21,CORRIENTES,Urbana,Calle,CARTAGENA,3015,J.J.PASO,,-2.749.265,-5.881.354,0,3,0,2,0,Colisión entre vehículos,Colisión entre vehículos,S/D,,Angulo,2,Recta,Intersección / cruce,,NO,,Hormigón,,Apto,Seca,,Ninguna,,,,No,No,No,Día,NO,Sin Restricción,Despejado,Buena,,Sin Semáforo
105520,OBSERVATORIO VIAL,2021-10-26,0:25:00,CORRIENTES,18,CAPITAL,21,CORRIENTES,Urbana,Calle,MENDOZA,2200,MADARIAGA,,-2.748.301,-5.883.746,2,0,0,2,0,Colisión entre vehículos,Colisión entre vehículos,S/D,,,2,Recta,Intersección / cruce,,NO,,Asfalto,,Apto,Seca,,Ninguna,,,,S/D,S/D,S/D,Noche,SI,Sin Restricción,Despejado,Buena,,Sin Semáforo
130978,MUNICIPALIDAD DE CORRIENTES,2021-10-26,20:10:00,CORRIENTES,18,CAPITAL,21,CORRIENTES,Urbana,Calle,SAN MARTIN,,BRASIL,,-2.747.104,-5.882.432,2,1,0,2,0,,,S/D,,,2,Recta,Intersección / cruce,,NO,,Asfalto,,Apto,,,,,,,,,,Día,NO,Sin Restricción,Despejado,Buena,,
119983,MUNICIPALIDAD DE CORRIENTES,2021-10-25,11:23:00,CORRIENTES,18,CAPITAL,21,CORRIENTES,Urbana,Avenida,AV. INDEPENDENCIA,5200,SANCHEZ BUSTAMANTE,,,,3,0,0,2,0,Colisión entre vehículos,Colisión entre vehículos,S/D,,,2,Recta,Intersección / cruce,,NO,,Asfalto,,Apto,Seca,,Cordón Divisorio,,,,Si,Si,No,Día,NO,Sin Restricción,Despejado,Buena,,Funciona
124908,MUNICIPALIDAD DE CORRIENTES,2021-10-25,13:50:00,CORRIENTES,18,CAPITAL,21,CORRIENTES,Urbana,Avenida,AV. 3 DE ABRIL,,TUCUMAN,,,,1,1,0,2,0,Colisión entre vehículos,Colisión entre vehículos,S/D,,Angulo,2,Recta,Intersección / cruce,,NO,,Hormigón,,Apto,Seca,,Ninguna,,,,Si,Si,,Día,NO,Sin Restricción,Despejado,Buena,,Funciona
95915,OBSERVATORIO VIAL,2021-10-25,9:10:00,CORRIENTES,18,CAPITAL,21,CORRIENTES,Urbana,Calle,TUCUMAN,1400,MORENO,,-2.747.277,-5.884.206,1,1,0,2,0,Colisión entre vehículos,Colisión entre vehículos,S/D,,,2,Recta,Intersección / cruce,,NO,,Asfalto,,Apto,Seca,,Ninguna,,,,Si,No,No,Día,NO,Sin Restricción,Despejado,Buena,,Sin Semáforo
108435,OBSERVATORIO VIAL,2021-10-25,5:30:00,CORRIENTES,18,CAPITAL,21,CORRIENTES,Urbana,Avenida,AV PUJOL,1200,BAIBIENE,,,,1,1,0,2,0,Colisión entre vehículos,Colisión entre vehículos,S/D,,Frontal,2,Recta,Intersección / cruce,,NO,,Asfalto,,Apto,Mojada,,Ninguna,,,,S/D,S/D,S/D,Amanecer,SI,Sin Restricción,Lluvia,Lluvia,,Intermitente
131706,MUNICIPALIDAD DE CORRIENTES,2021-10-25,13:20:00,CORRIENTES,18,CAPITAL,21,CORRIENTES,Urbana,Calle,GUAYQUIRARÓ,3400,,,-2.751.217,-5.880.225,1,1,0,2,0,Colisión entre vehículos,Colisión entre vehículos,S/D,,Angulo,2,Recta,Intersección / cruce,,NO,,Hormigón,,Apto,,,,,,,,,,Día,NO,Sin Restricción,Despejado,Buena,,
122922,Capital,2021-10-25,17:50:00,CORRIENTES,18,CAPITAL,21,CORRIENTES,Urbana,Avenida,Av. Cartagena,3800,Calle 166,,-2.749.274,-5.880.745,1,2,0,2,0,Colisión entre vehículos,Colisión entre vehículos,S/D,,,2,Curva,Intersección / cruce,,NO,,Asfalto,,Apto,,,,,,,No,No,,Día,NO,Sin Restricción,Despejado,Buena,,
93050,OBSERVAROEIO VIAL,2021-10-25,11:00:00,CORRIENTES,18,CAPITAL,21,CORRIENTES,Urbana,Avenida,AV C.CORRENTINO,4000,RESOAGLI,,-2.748.693,-5.880.469,1,1,0,2,0,Colisión entre vehículos,Colisión entre vehículos,S/D,,Lateral,2,Recta,Intersección / cruce,,NO,,Asfalto,,Apto,Seca,,,,,,No,No,No,Día,,Sin Restricción,,Buena,,Sin Semáforo
108439,OBSERVATORIO VIAL,2021-10-23,20:30:00,CORRIENTES,18,CAPITAL,21,CORRIENTES,Urbana,Calle,CHACABUCO,2500,VIRASORO,,,,2,0,0,2,0,Colisión entre vehículos,Colisión entre vehículos,S/D,,,2,Recta,Intersección / cruce,,NO,,Asfalto,,Apto,Seca,,Ninguna,,,,S/D,S/D,S/D,Noche,SI,Sin Restricción,Despejado,Buena,,Sin Semáforo
119136,MUNICIPALIDAD DE CORRIENTES,2021-10-23,7:20:00,CORRIENTES,18,CAPITAL,21,CORRIENTES,Urbana,Avenida,AV. MAIPU,800,AUSTRALIA,,,,1,1,0,2,0,Colisión entre vehículos,Colisión entre vehículos,S/D,,,2,Recta,Intersección / cruce,,NO,,Asfalto,,Apto,,,,,,,,,,Día,NO,Sin Restricción,Despejado,Buena,,
108373,OBSERVATORIO VIAL,2021-10-23,10:33:00,CORRIENTES,18,CAPITAL,21,CORRIENTES,Urbana,Calle,BELGRANO,2100,PERU,,-4.000.000,-6.100.000,2,0,0,2,0,Colisión entre vehículos,Colisión entre vehículos,S/D,,,2,Recta,,RECTA,NO,,Asfalto,,Apto,Seca,,Ninguna,,,,S/D,S/D,S/D,Día,NO,Sin Restricción,Despejado,Buena,,Sin Semáforo
109641,OBSERVATORIO VIAL,2021-10-23,15:36:00,CORRIENTES,18,CAPITAL,21,CORRIENTES,Urbana,Avenida,AV. MAIPU,5500,RUTA 12,,-2.752.974,-5.876.647,1,1,0,1,1,Colisión entre vehículos,Colisión entre vehículos,S/D,,,2,Recta,Intersección / cruce,,NO,,,,Apto,Seca,,Ninguna,,,,No,No,No,Día,NO,Sin Restricción,Despejado,Buena,,Sin Semáforo
120714,MUNICIPALIDAD DE CORRIENTES,2021-10-22,9:40:00,CORRIENTES,18,CAPITAL,21,CORRIENTES,Urbana,Calle,LIBERTAD,,LAPRIDA,,,,0,2,0,1,1,Atropello a peatón/es,Atropello a peatón/es,S/D,,,2,Recta,Intersección / cruce,,,,Asfalto,,Apto,Seca,,Ninguna,,,,S/D,S/D,,Día,NO,Sin Restricción,Despejado,,,Funciona
107649,OBSERVATORIO VIAL,2021-10-22,3:10:00,CORRIENTES,18,CAPITAL,21,CORRIENTES,Urbana,Avenida,AV C. CORRENTINO,3135,,,-2.748.706,-5.881.432,1,0,0,1,0,Colisión entre vehículos,Colisión entre vehículos,S/D,,Alcance,1,Recta,,RECTA,NO,,Asfalto,,Apto,Seca,,Ninguna,,,,S/D,S/D,S/D,Noche,NO,Sin Restricción,Despejado,,,Sin Semáforo
107647,OBSERVATORIO VIAL,2021-10-22,18:00:00,CORRIENTES,18,CAPITAL,21,CORRIENTES,Urbana,Avenida,AV MAIPU,5800,RUTA 12,,-2.753.038,-5.876.196,2,0,0,1,0,"Atropello a animal/es, Colisión entre vehículos",Colisión entre vehículos,S/D,,,1,Recta,Intersección / cruce,,NO,,Asfalto,,Apto,Seca,,Ninguna,,,,S/D,S/D,S/D,Día,NO,Obra en Construcción,Despejado,Buena,,Sin Semáforo
108371,OBSERVATORIO VIAL,2021-10-22,20:15:00,CORRIENTES,18,CAPITAL,21,CORRIENTES,Urbana,Avenida,AV PAISANDU,3200,CALINGASTO,,,,1,1,0,2,0,Colisión entre vehículos,Colisión entre vehículos,S/D,,Angulo,2,Recta,Intersección / cruce,,NO,,Asfalto,,Apto,Seca,,Ninguna,,,,S/D,S/D,S/D,Día,SI,Sin Restricción,Despejado,Buena,,Sin Semáforo
91687,OBSERVATORIO VIAL,2021-10-21,10:40:00,CORRIENTES,18,CAPITAL,21,CORRIENTES,Urbana,Avenida,AV LIBERTAD,6100,RUTA NACIONAL Nº 12,,-2.746.133,-5.876.810,2,0,0,2,0,Choque,Choque,S/D,,,2,Recta,Intersección / cruce,,NO,,Asfalto,,Apto,Seca,,Ninguna,,,,Si,Si,No,Día,NO,Sin Restricción,Despejado,Buena,,Sin Semáforo
122854,Capital,2021-10-21,7:35:00,CORRIENTES,18,CAPITAL,21,CORRIENTES,Urbana,Avenida,Gdor Conte,2200,Av. Tte Ibañez,,-2.751.558,-5.875.626,2,1,0,2,0,Colisión entre vehículos,Colisión entre vehículos,S/D,,,2,Recta,Intersección / cruce,,NO,,Asfalto,,Apto,Seca,,,,,,,,,Día,NO,Sin Restricción,Despejado,Buena,,
119114,MUNICIPALIDAD DE CORRIENTES,2021-10-21,11:15:00,CORRIENTES,18,CAPITAL,21,CORRIENTES,Urbana,Avenida,AV. RAUL ALFONSIN,4300,RIO JURAMENTO,,,,1,0,0,1,0,"Caída desde vehículo, Colisión entre vehículos",Colisión entre vehículos,S/D,,,1,Recta,Intersección / cruce,,NO,,Hormigón,,Apto,Seca,,,,,,S/D,S/D,S/D,Día,NO,Sin Restricción,Despejado,Buena,,Sin Semáforo
130979,MUNICIPALIDAD DE CORRIENTES,2021-10-20,8:00:00,CORRIENTES,18,CAPITAL,21,CORRIENTES,Urbana,Calle,ROLON,2037,,,-2.746.215,-5.881.233,1,1,0,2,0,,,S/D,,,2,Recta,Intersección / cruce,,NO,,Asfalto,,Apto,Seca,,,,,,,,,Día,NO,Sin Restricción,Despejado,Buena,,
108446,OBSERVATORIO VIAL,2021-10-20,8:10:00,CORRIENTES,18,CAPITAL,21,CORRIENTES,Urbana,Avenida,AV MAIPU,1700,VALENTIN ACINA,,,,0,1,0,1,0,"Caída desde vehículo, Colisión entre vehículos",Colisión entre vehículos,S/D,,,1,Recta,Intersección / cruce,,NO,,Hormigón,,Apto,Seca,,Ninguna,,,,No,No,No,Día,NO,Sin Restricción,Despejado,Buena,,Intermitente
112215,OBSERVATORIO VIAL,2021-10-20,8:49:00,CORRIENTES,18,CAPITAL,21,CORRIENTES,Urbana,Ruta Nacional,12,1040,,,-2.744.552,-5.874.690,1,1,0,2,0,Colisión entre vehículos,Colisión entre vehículos,S/D,,,2,Recta,Intersección / cruce,,NO,,Asfalto,,Apto,Seca,,Ninguna,,,,Si,Si,No,Día,NO,Sin Restricción,Despejado,,,Sin Semáforo
108916,OBSERVATORIO VIAL,2021-10-20,7:40:00,CORRIENTES,18,CAPITAL,21,CORRIENTES,Urbana,Avenida,AV ARMENIA,4790,ONTIVEROS,,-2.746.692,-5.879.058,1,1,0,2,0,Colisión entre vehículos,Colisión entre vehículos,S/D,,Angulo,2,Recta,Intersección / cruce,,NO,,Asfalto,,Apto,Seca,,Ninguna,,,,Si,No,No,Amanecer,SI,Sin Restricción,Otro,Buena,,Funciona