id_feu,unidad_regional,siniestro_fecha,siniestro_hora,provincia,id_provincia,departamento,id_departamento,localidad,zona_ocurrencia,via_publica,nombre_via,altura_km,entre_calle_1,entre_calle_2,latitud,longitud,ilesos,heridos,fallecidos,vehiculos,peatones,tipo_siniestro_multiple,tipo_siniestro_unico,despiste_previo,tipo_siniestro_otro,tipo_colision,cantidad_de_involucrados,trazado_via,configuracion_de_la_via,configuracion_de_la_via_otro_tipo,pendiente_declive,cono_de_vision,material_de_la_calzada,material_de_la_calzada_otro,estado_de_la_calzada,estado_fisico_ambiental,estado_de_conservacion_otro,division_fisica_de_la_via,division_fisica_de_la_via_otro,barreras_de_seguridad,banquinas,senalizacion_carteleria,senalizacion_horizontal,senalizacion_transitoria,luminosidad,luz_artificial,transito_restringido,estado_ambiental,visibilidad,visibilidad_otro,semaforo
98268,OBSERVATORIO VIAL,2021-09-03,23:00:00,CORRIENTES,18,CAPITAL,21,CORRIENTES,Urbana,Avenida,AV MAIPU,3400,RECONQUISTA,,-2.749.614,-5.881.654,2,2,0,2,0,,,S/D,,,2,Recta,Intersección / cruce,,NO,,Asfalto,,Apto,Seca,,Ninguna,,,,No,No,No,Noche,SI,Sin Restricción,Despejado,Buena,,Sin Semáforo
105921,OBSERVATORIO VIAL,2021-09-03,12:40:00,CORRIENTES,18,CAPITAL,21,CORRIENTES,Urbana,Calle,BOLIVAR,1700,ESPAÑA,,-2.747.158,-5.882.960,1,1,0,2,0,Colisión entre vehículos,Colisión entre vehículos,S/D,,Angulo,2,Recta,Intersección / cruce,,NO,,Asfalto,,Apto,Seca,,Ninguna,,,,S/D,S/D,S/D,Día,NO,Sin Restricción,Despejado,Buena,,Sin Semáforo
95910,OBSERVATORIO VIAL,2021-09-03,8:30:00,CORRIENTES,18,CAPITAL,21,CORRIENTES,Urbana,Avenida,AV MAIPU,6500,,,-2.753.095,-5.876.926,2,0,0,2,0,Colisión entre vehículos,Colisión entre vehículos,S/D,,Alcance,2,Recta,,RECTA,NO,,Asfalto,,Apto,Seca,,Ninguna,,,,No,No,No,Día,NO,Sin Restricción,Despejado,Buena,,Sin Semáforo
132606,MUNICIPALIDAD DE CORRIENTES,2021-09-03,7:20:00,CORRIENTES,18,CAPITAL,21,CORRIENTES,Urbana,Avenida,AV. FERRE,2100,,,,,2,0,0,2,0,Colisión entre vehículos,Colisión entre vehículos,S/D,,,2,Recta,Intersección / cruce,,NO,,Asfalto,,Apto,Seca,,Ninguna,,,,Si,Si,Si,Día,NO,Sin Restricción,Despejado,Buena,,Funciona
106272,OBSERVATORIO VIAL,2021-09-02,17:35:00,CORRIENTES,18,CAPITAL,21,CORRIENTES,Urbana,Avenida,AV. GDOR RUIZ,2300,GALLINO,,-2.746.662,-5.882.073,0,2,0,2,0,Choque,Choque,S/D,,,2,Recta,Intersección / cruce,,NO,,Asfalto,,Apto,Seca,,Cordón Divisorio,,,,Si,No,No,Atardecer,NO,Sin Restricción,Despejado,Buena,,Sin Semáforo
108917,OBSERVATORIO VIAL,2021-09-02,7:10:00,CORRIENTES,18,CAPITAL,21,CORRIENTES,Urbana,Avenida,AV MEDRANO,2800,SAN FRANCISCO DE ASIS,,-2.749.314,-5.879.926,1,1,0,1,0,"Choque, Colisión entre vehículos",Colisión entre vehículos,S/D,,Columna,1,Curva,Intersección / cruce,,NO,,Hormigón,,,Seca,,Cordón Divisorio,,,,Si,No,No,Día,NO,Sin Restricción,Despejado,Buena,,Sin Semáforo
118275,OBSERVATORIO VIAL,2021-09-01,11:40:00,CORRIENTES,18,CAPITAL,21,CORRIENTES,Urbana,Avenida,AV LIBERTAD,5500,,,,,1,1,0,2,0,Colisión entre vehículos,Colisión entre vehículos,S/D,,,2,Recta,Intersección / cruce,,NO,,Asfalto,,Apto,Seca,,Cordón Divisorio,,,,S/D,S/D,S/D,Día,NO,Sin Restricción,Despejado,Buena,,Sin Semáforo
119137,DIRECCIÓN DE SEG VIAL,2021-09-01,15:30:00,CORRIENTES,18,CAPITAL,21,CORRIENTES,Urbana,Calle,SAN FRANCISCO DE ASIS,,MILAN,,,,0,4,0,2,0,Colisión entre vehículos,Colisión entre vehículos,S/D,,,2,Recta,Intersección / cruce,,NO,,Asfalto,,Apto,Seca,,,,,,S/D,S/D,S/D,Día,NO,Sin Restricción,Despejado,Buena,,Sin Semáforo
118312,MUNICIPALIDAD DE CORRIENTES,2021-08-30,10:15:00,CORRIENTES,18,,,CORRIENTES,Urbana,Avenida,AV. FERRE,1600,,,,,2,0,0,2,0,Colisión entre vehículos,Colisión entre vehículos,S/D,,,2,Recta,Intersección / cruce,,NO,,Asfalto,,Apto,Seca,,,,,,,,,Día,NO,Sin Restricción,Despejado,Buena,,
95206,OBSERVATORIO VIAL,2021-08-30,9:10:00,CORRIENTES,18,CAPITAL,21,CORRIENTES,Urbana,Calle,PADRE BORGATTI,1300,,,-2.747.087,-5.885.099,1,1,0,2,0,Colisión entre vehículos,Colisión entre vehículos,S/D,,,2,Recta,Intersección / cruce,,NO,,Asfalto,,Apto,Seca,,Ninguna,,,,Si,Si,No,Día,NO,Sin Restricción,Despejado,Buena,,Sin Semáforo
122985,Capital,2021-08-30,18:20:00,CORRIENTES,18,CAPITAL,21,CORRIENTES,Urbana,Avenida,Cosquin,1700,Av Sarmiento,,-2.749.173,-5.878.516,1,1,0,2,0,Colisión entre vehículos,Colisión entre vehículos,S/D,,,2,Recta,Intersección / cruce,,NO,,Asfalto,,Apto,Seca,,Ninguna,,,,Si,,,Día,NO,,Despejado,Buena,,Sin Semáforo
119984,MUNICIPALIDAD DE CORRIENTES,2021-08-29,16:00:00,CORRIENTES,18,CAPITAL,21,CORRIENTES,Urbana,Calle,PIO 12,2099,LAMADRID,,,,1,1,0,2,0,Colisión entre vehículos,Colisión entre vehículos,S/D,,Angulo,2,Recta,Intersección / cruce,,NO,,Asfalto,,Apto,Seca,,,,,,No,No,No,Día,NO,Sin Restricción,Despejado,Buena,,Sin Semáforo
120743,MUNICIPALIDAD DE CORRIENTES,2021-08-29,14:20:00,CORRIENTES,18,CAPITAL,21,CORRIENTES,Urbana,Calle,LAS PIEDRAS,,RIO DE JANEIRO,,,,1,1,0,2,0,Colisión entre vehículos,Colisión entre vehículos,S/D,,Angulo,2,Recta,,,NO,,Asfalto,,Apto,Seca,,Ninguna,,,,S/D,S/D,S/D,Día,NO,Sin Restricción,Despejado,Buena,,Sin Semáforo
125023,MUNICIPALIDAD DE CORRIENTES,2021-08-28,12:35:00,CORRIENTES,18,CAPITAL,21,CORRIENTES,Urbana,Avenida,AV. INDEPENDENCIA,4800,,,,,2,0,0,2,0,Colisión entre vehículos,Colisión entre vehículos,S/D,,,2,Recta,Intersección / cruce,,NO,,Asfalto,,Apto,Seca,,,,,,Si,Si,No,Día,NO,Sin Restricción,Despejado,Buena,,Funciona
126370,MUNICIPALIDAD DE CORRIENTES,2021-08-28,6:45:00,CORRIENTES,18,CAPITAL,21,CORRIENTES,Urbana,Ruta Provincial,5,"1,2",FRENTE A PACHECO,,,,1,1,0,2,0,Colisión entre vehículos,Colisión entre vehículos,S/D,,,2,Recta,Intersección / cruce,,NO,,Asfalto,,Apto,Seca,,,,,,,,,Amanecer,NO,Sin Restricción,Despejado,Buena,,
131691,MUNICIPALIDAD DE CORRIENTES,2021-08-28,19:10:00,CORRIENTES,18,CAPITAL,21,CORRIENTES,Urbana,Avenida,INDEPENDENCIA,5500,,,,,1,1,0,2,0,Colisión entre vehículos,Colisión entre vehículos,S/D,,Alcance,2,Recta,,,NO,,Asfalto,,Apto,Seca,,,,,,,,,Atardecer,SI,,Despejado,Buena,,
131708,MUNICIPALIDAD DE CORRIENTES,2021-08-28,10:15:00,CORRIENTES,18,CAPITAL,21,CORRIENTES,Urbana,Avenida,AV. ARMENIA,4500,,,,,2,0,0,2,0,Colisión entre vehículos,Colisión entre vehículos,S/D,,,2,Recta,,,NO,,Hormigón,,Apto,Seca,,,,,,,,,Día,NO,Sin Restricción,Despejado,Buena,,
115141,CORRIENTES CAPITAL,2021-08-28,8:00:00,CORRIENTES,18,CAPITAL,21,CORRIENTES,Urbana,Calle,SAENZ,1500,,,,,1,1,0,2,0,Colisión entre vehículos,Colisión entre vehículos,S/D,,Angulo,2,Recta,Intersección / cruce,,NO,,Hormigón,,Apto,Seca,,Ninguna,,,,S/D,S/D,S/D,Día,SI,Sin Restricción,,Buena,,Sin Semáforo
124114,Capital,2021-08-28,10:20:00,CORRIENTES,18,CAPITAL,21,CORRIENTES,Urbana,Avenida,3 de abril,800,Buenos Aires,,-2.747.488,-5.884.110,2,0,0,2,0,Colisión entre vehículos,Colisión entre vehículos,S/D,,,2,Recta,Intersección / cruce,,NO,,Asfalto,,Apto,Seca,,,,,,,,,Día,NO,Sin Restricción,Despejado,Buena,,
132594,MUNICIPALIDAD DE CORRIENTES,2021-08-28,9:33:00,CORRIENTES,18,CAPITAL,21,CORRIENTES,Urbana,Avenida,CAZADORES CORRENTINOS,5058,,,,,0,1,0,1,0,Colisión entre vehículos,Colisión entre vehículos,S/D,,,1,Recta,,,NO,,Asfalto,,Apto,Despejada,,,,,,,,,Día,NO,Sin Restricción,Despejado,Buena,,
95898,OBSERVATORIO VIAL,2021-08-27,15:40:00,CORRIENTES,18,CAPITAL,21,CORRIENTES,Urbana,Avenida,AV. R.R.ALFONSIN,4400,,,-2.747.520,-5.879.703,3,1,0,2,0,Colisión entre vehículos,Colisión entre vehículos,S/D,,Angulo,2,Recta,Intersección / cruce,,NO,,Hormigón,,Apto,Seca,,Ninguna,,,,Si,No,No,Día,NO,,Nublado,Buena,,Sin Semáforo
121660,MUNICIPALIDAD DE CORRIENTES,2021-08-27,17:55:00,CORRIENTES,18,CAPITAL,21,CORRIENTES,Urbana,Avenida,AV. SARMIENTO,1700,,,,,1,0,0,2,0,Colisión entre vehículos,Colisión entre vehículos,S/D,,,2,Recta,,,NO,,Asfalto,,Apto,Seca,,,,,,Si,Si,No,Día,NO,,Despejado,Buena,,Sin Semáforo
128324,CAPITAL,2021-08-26,0:30:00,CORRIENTES,18,CAPITAL,21,CORRIENTES,Urbana,Calle,AREQUIPA,,RIO NEGRO,,,,1,1,0,2,0,Colisión entre vehículos,Colisión entre vehículos,S/D,,Angulo,2,Recta,Intersección / cruce,,NO,,Hormigón,,Apto,Seca,,,,,,,,,Noche,SI,Sin Restricción,Despejado,Buena,,
105562,OBSERVATORIO VIAL,2021-08-25,12:10:00,CORRIENTES,18,CAPITAL,21,CORRIENTES,Urbana,Ruta Provincial,RUTA Nª 5,KM 5700,,,-2.748.994,-5.875.757,1,1,0,1,1,"Atropello a peatón/es, Colisión entre vehículos",Colisión entre vehículos,S/D,,,2,Recta,Intersección / cruce,,NO,,Asfalto,,Apto,Seca,,Ninguna,,,,S/D,S/D,S/D,Día,NO,Sin Restricción,Despejado,Buena,,
104758,OBSERVATORIO VIAL,2021-08-24,6:00:00,CORRIENTES,18,CAPITAL,21,CORRIENTES,Urbana,Calle,CATAMARCA,700,PELLEGRINI,,-2.746.571,-5.883.280,2,0,0,2,0,Colisión entre vehículos,Colisión entre vehículos,S/D,,,2,Recta,Intersección / cruce,,NO,,Asfalto,,Apto,Seca,,Ninguna,,,,Si,No,No,Amanecer,SI,Sin Restricción,Despejado,Buena,,Funciona
107645,OBSERVATORIO VIAL,2021-08-24,9:20:00,CORRIENTES,18,CAPITAL,21,CORRIENTES,Urbana,Calle,LA RIOJA,1100,BOLIVAR,,-2.747.078,-5.883.843,2,0,0,2,0,Colisión entre vehículos,Colisión entre vehículos,S/D,,Angulo,2,Recta,Intersección / cruce,,NO,,Asfalto,,Apto,Seca,,Ninguna,,,,Si,Si,No,Día,NO,Sin Restricción,Despejado,Buena,,Sin Semáforo
109640,OBSERVATORIO VIAL,2021-08-23,13:48:00,CORRIENTES,18,CAPITAL,21,CORRIENTES,Urbana,Calle,SUIZA,3300,,,-2.747.614,-5.881.069,1,1,0,2,0,Colisión entre vehículos,Colisión entre vehículos,S/D,,Angulo,2,Recta,Intersección / cruce,,NO,,Asfalto,,Apto,Seca,,Ninguna,,,,Si,No,No,Día,NO,Sin Restricción,Despejado,Buena,,Sin Semáforo
118298,MUNICIPALIDAD DE CORRIENTES,2021-08-23,17:10:00,CORRIENTES,18,,,CORRIENTES,Urbana,Avenida,AV. PUJOL,800,PERU,,,,1,0,0,1,0,,,S/D,SUBIO A LA PLAYA Y DERRIBO DOS CARTELES SEÑALIZADORES,,1,Curva,,,NO,,Asfalto,,Apto,,,,,,,,,,Día,SI,,Despejado,Buena,,
128326,MUNICIPALIDAD DE CORRIENTES,2021-08-22,7:30:00,CORRIENTES,18,CAPITAL,21,CORRIENTES,Urbana,Avenida,AV. CHACABUCO,1799,,,,,1,1,0,1,1,Atropello a peatón/es,Atropello a peatón/es,S/D,,,2,Recta,Intersección / cruce,,NO,,Asfalto,,Apto,Seca,,,,,,,,,Día,NO,Sin Restricción,Despejado,Buena,,
115146,CAPITAL,2021-08-22,6:40:00,CORRIENTES,18,CAPITAL,21,CORRIENTES,Urbana,Calle,CATAMARCA,700,C.PELLEGRINI,,-2.746.572,-5.883.287,0,1,0,1,0,Despiste,Despiste,Si,,,1,Recta,Intersección / cruce,,NO,,Asfalto,,Apto,Seca,,Ninguna,,,,S/D,,,Día,SI,Sin Restricción,Despejado,Buena,,Funciona
131007,MUNICIPALIDAD DE CORRIENTES,2021-08-22,16:00:00,CORRIENTES,18,,,,Urbana,Avenida,AV.ARTIGAS,1600,AV. FERRE,,,,2,0,0,2,0,Colisión entre vehículos,Colisión entre vehículos,S/D,,Angulo,2,Recta,Intersección / cruce,,NO,,Hormigón,,Apto,,,,,,,,,,Día,,,Despejado,Buena,,
108443,OBSERVATORIO VIAL,2021-08-21,6:10:00,CORRIENTES,18,CAPITAL,21,CORRIENTES,Urbana,Calle,RIOJA,600,PELLEGRINI,,-2.746.521,-5.883.780,0,1,0,1,0,"Caída desde vehículo, Colisión entre vehículos",Colisión entre vehículos,S/D,,,1,Recta,Intersección / cruce,,NO,,Hormigón,,Apto,Despejada,,Ninguna,,,,Si,,No,Amanecer,SI,Sin Restricción,Despejado,Buena,,Funciona
123016,Capital,2021-08-21,11:55:00,CORRIENTES,18,CAPITAL,21,CORRIENTES,Urbana,Calle,Rivadavia,1900,paraguay,,-2.747.527,-5.882.741,1,1,0,2,0,Colisión entre vehículos,Colisión entre vehículos,S/D,,,2,Recta,Intersección / cruce,,NO,,Asfalto,,Apto,Seca,,,,,,,,,Día,NO,Sin Restricción,Despejado,Buena,,
96768,OBSERVATORIO VIAL,2021-08-20,11:00:00,CORRIENTES,18,CAPITAL,21,CORRIENTES,Urbana,Avenida,AV MAIPU,3100,TILCARA,,-2.750.211,-5.881.272,2,1,0,2,0,Colisión entre vehículos,Colisión entre vehículos,S/D,,,2,Recta,Intersección / cruce,,NO,,Asfalto,,Apto,Seca,,Cordón Divisorio,,,,Si,Si,No,Día,NO,Sin Restricción,Despejado,Buena,,Funciona
106263,OBSERVATORIO VIAL,2021-08-20,7:15:00,CORRIENTES,18,CAPITAL,21,CORRIENTES,Urbana,Avenida,AV. ARMENIA,4800,MONTEAGUDO,,-2.746.683,-5.879.081,1,1,0,2,0,Colisión entre vehículos,Colisión entre vehículos,S/D,,,2,Recta,Intersección / cruce,,NO,,Asfalto,,Apto,Seca,,Ninguna,,,,S/D,S/D,S/D,Amanecer,SI,Sin Restricción,Despejado,Buena,,Sin Semáforo
122925,Capital,2021-08-20,17:40:00,CORRIENTES,18,CAPITAL,21,CORRIENTES,Urbana,Avenida,Av Cartagena,3200,Juan José Paso,,-2.749.263,-5.881.359,1,1,0,2,0,Colisión entre vehículos,Colisión entre vehículos,S/D,,Angulo,2,Recta,Intersección / cruce,,NO,,Asfalto,,Apto,Seca,,,,,,No,No,No,Día,NO,Sin Restricción,Despejado,Buena,,Sin Semáforo
123003,Capital,2021-08-20,20:23:00,CORRIENTES,18,CAPITAL,21,CORRIENTES,Urbana,Avenida,Av Maipu,1800,Beltran,,-2.747.985,-5.882.853,1,1,0,2,0,Colisión entre vehículos,Colisión entre vehículos,S/D,,Angulo,2,Recta,Intersección / cruce,,NO,,Asfalto,,Apto,Seca,,Ninguna,,,,Si,Si,,Noche,SI,Sin Restricción,Despejado,Buena,,Sin Semáforo
126987,MUNICIPALIDAD DE CORRIENTES,2021-08-20,8:15:00,CORRIENTES,18,CAPITAL,21,CORRIENTES,Urbana,Calle,SARMIENTO,4000,RAFARLA,,,,2,0,0,2,0,Colisión entre vehículos,Colisión entre vehículos,S/D,,,2,Recta,Intersección / cruce,,NO,,Asfalto,,Apto,Seca,,Ninguna,,,,,,,Día,NO,,Despejado,Buena,,
132568,MUNICIPALIDAD DE CORRIENTES,2021-08-20,15:50:00,CORRIENTES,18,CAPITAL,21,CORRIENTES,Urbana,Avenida,AV.3 DE ABRIL,,ENTRE RIOS,,,,1,1,0,2,0,Colisión entre vehículos,Colisión entre vehículos,S/D,,,2,Recta,Intersección / cruce,,NO,,Asfalto,,Apto,Seca,,Cordón Divisorio,,,,Si,,,Día,NO,Sin Restricción,Despejado,Buena,,Funciona
119914,DIRECCIÓN DE SEG VIAL,2021-08-19,18:50:00,CORRIENTES,18,CAPITAL,21,CORRIENTES,Urbana,Calle,AV. CHACABUCO,,GENERAL PAZ,,-2.748.097,-5.881.525,1,1,0,2,,Colisión entre vehículos,Colisión entre vehículos,S/D,,Angulo,2,Recta,Intersección / cruce,,NO,,Hormigón,,Apto,Con material suelto,,Ninguna,,,,Si,,,Atardecer,NO,Obra en Construcción,Despejado,Buena,,Funciona
120711,MUNICIPALIDAD DE CORRIENTES,2021-08-19,15:30:00,CORRIENTES,18,CAPITAL,21,CORRIENTES,Urbana,Avenida,AV ARMENIA,,PEDERNERA,,,,1,1,0,2,0,Colisión entre vehículos,Colisión entre vehículos,S/D,,Angulo,2,Recta,,,NO,,Asfalto,,Apto,Seca,,Ninguna,,,,S/D,S/D,S/D,Día,NO,Sin Restricción,Despejado,Buena,,Sin Semáforo
119129,DIRECCIÓN DE SEG VIAL,2021-08-17,10:20:00,CORRIENTES,18,CAPITAL,21,CORRIENTES,Urbana,Avenida,AV.MAIPU,500,,,,,1,1,0,2,0,Colisión entre vehículos,Colisión entre vehículos,S/D,,Angulo,2,Recta,Intersección / cruce,,,,Asfalto,,Apto,Seca,,,,,,Si,Si,,Día,NO,,Despejado,Buena,,Funciona
124124,Capital,2021-08-17,23:01:00,CORRIENTES,18,CAPITAL,21,CORRIENTES,Urbana,Avenida,Av Cartagena,3900,Resoagli,,-2.749.354,-5.880.582,1,1,0,2,0,Colisión entre vehículos,Colisión entre vehículos,S/D,,Angulo,2,Recta,Intersección / cruce,,NO,,,,Apto,Seca,,,,,,,,,Noche,SI,Sin Restricción,Despejado,Buena,,
93064,OBSERVATORIO VIAL,2021-08-17,11:15:00,CORRIENTES,18,CAPITAL,21,CORRIENTES,Urbana,Avenida,AV PEDRO FERRE,2200,ROCA,,-2.747.720,-5.882.372,2,0,0,2,0,Colisión entre vehículos,Colisión entre vehículos,S/D,,,2,Recta,Intersección / cruce,,NO,,Hormigón,,Apto,"Despejada, Seca",,Cordón Divisorio,,,,Si,Si,No,Día,NO,Sin Restricción,Despejado,Buena,,Funciona
118306,MUNICIPALIDAD DE CORRIENTES,2021-08-16,18:12:00,CORRIENTES,18,,,CORRIENTES,Urbana,Calle,,1283,,,,,2,0,0,2,0,Colisión entre vehículos,Colisión entre vehículos,S/D,,,2,Recta,,,,,Asfalto,,Apto,Seca,,,,,,,,,Día,SI,Sin Restricción,Despejado,Buena,,
129575,MUNICIPALIDAD DE CORRIENTES,2021-08-15,19:10:00,CORRIENTES,18,CAPITAL,21,CORRIENTES,Urbana,Avenida,AV. ARMENIA,3700,,,,,4,0,0,4,0,Colisión entre vehículos,Colisión entre vehículos,S/D,,Alcance,4,Recta,Intersección / cruce,,NO,,Asfalto,,Apto,Seca,,,,,,Si,Si,,Atardecer,NO,Sin Restricción,Despejado,Buena,,Sin Semáforo
131698,MUNICIPALIDAD DE CORRIENTES,2021-08-14,13:59:00,CORRIENTES,18,CAPITAL,21,CORRIENTES,Urbana,Avenida,INDPENDENCIA,3400,MEDRANO,,,,2,0,0,2,0,Colisión entre vehículos,Colisión entre vehículos,S/D,,Angulo,2,Recta,Intersección / cruce,,NO,,Asfalto,,Apto,Seca,,Ninguna,,,,Si,Si,Si,Día,NO,Sin Restricción,Despejado,Buena,,Funciona
108423,OBSERVATORIO VIAL,2021-08-12,22:15:00,CORRIENTES,18,CAPITAL,21,CORRIENTES,Urbana,Calle,SAN MARTIN,1300,CORDOBA,,,,1,1,0,2,0,Colisión entre vehículos,Colisión entre vehículos,S/D,,Angulo,2,Recta,Intersección / cruce,,NO,,Hormigón,,Apto,Seca,,Ninguna,,,,Si,Si,No,Noche,SI,Sin Restricción,Despejado,Buena,,Sin Semáforo
124190,Capital,2021-08-12,22:35:00,CORRIENTES,18,CAPITAL,21,CORRIENTES,Urbana,Avenida,Av Cazadores Correntinos,4300,Las Piedras,,-2.748.730,-5.880.141,2,0,0,2,0,Colisión entre vehículos,Colisión entre vehículos,S/D,,Angulo,2,Recta,,,NO,,,,Apto,Seca,,Cordón Divisorio,,,,,,,,SI,Sin Restricción,Despejado,Buena,,
106269,OBSERVATORIO VIAL,2021-08-12,15:30:00,CORRIENTES,18,CAPITAL,21,CORRIENTES,Urbana,Avenida,AV ALFONSIN,3900,RESOAGLI,,-2.747.351,-5.880.342,1,1,0,2,0,Colisión entre vehículos,Colisión entre vehículos,S/D,,,2,Recta,Intersección / cruce,,NO,,Asfalto,,Apto,Seca,,Cordón Divisorio,,,,S/D,S/D,S/D,Día,NO,Sin Restricción,Despejado,Buena,,Sin Semáforo
118292,SEGURIDAD VIAL,2021-08-12,11:00:00,CORRIENTES,18,CAPITAL,21,CORRIENTES,Urbana,Calle,AV.ARMENIA,,ARZAGA,,,,1,1,0,2,0,Colisión entre vehículos,Colisión entre vehículos,S/D,,,2,Recta,Intersección / cruce,,NO,,Asfalto,,Apto,Seca,,Ninguna,,,,Si,Si,No,Día,NO,Sin Restricción,Despejado,Buena,,Sin Semáforo
113319,MUNICIPALIDAD DE CORRIENTES,2021-08-12,7:56:00,CORRIENTES,18,CAPITAL,21,CORRIENTES,Urbana,Ruta Nacional,12,1035,,,,,1,1,0,2,0,Colisión entre vehículos,Colisión entre vehículos,S/D,,Lateral,2,Recta,Intersección / cruce,,NO,,Asfalto,,Apto,"Despejada, Seca",,Ninguna,,,,No,No,No,Día,NO,Sin Restricción,Despejado,Buena,,Sin Semáforo
95914,OBSERVATORIO VIAL,2021-08-11,18:30:00,CORRIENTES,18,CAPITAL,21,CORRIENTES,Urbana,Calle,LISANDRO SEGOVIA,1800,NECOCHEA,,-2.747.964,-5.883.563,2,0,0,2,0,Colisión entre vehículos,Colisión entre vehículos,S/D,,,2,Recta,Intersección / cruce,,NO,,Asfalto,,Apto,Seca,,Ninguna,,,,S/D,S/D,S/D,Día,NO,Sin Restricción,Despejado,Buena,,Sin Semáforo
108368,OBSERVATORIO VIAL,2021-08-10,9:15:00,CORRIENTES,18,CAPITAL,21,CORRIENTES,Urbana,Avenida,AV ARTIGAS,1022,,,-4.000.000,-6.100.000,2,0,0,2,0,Colisión entre vehículos,Colisión entre vehículos,S/D,,Angulo,2,Recta,Intersección / cruce,,NO,,Asfalto,,Apto,Seca,,Ninguna,,,,S/D,S/D,S/D,Día,NO,Sin Restricción,Despejado,Buena,,Sin Semáforo
119120,MUNICIPALIDAD DE CORRIENTES,2021-08-10,12:30:00,CORRIENTES,18,CAPITAL,21,CORRIENTES,Urbana,Calle,MONTEAGUDO,499,CAPILLA DEL MONTE,,,,1,1,0,2,0,Colisión entre vehículos,Colisión entre vehículos,S/D,,,2,Recta,Intersección / cruce,,NO,,Tierra,,Apto,Seca,,,,,,,,,Día,NO,Sin Restricción,Despejado,,,
130969,MUNICIPALIDAD DE CORRIENTES,2021-08-09,12:41:00,CORRIENTES,18,CAPITAL,21,CORRIENTES,Urbana,Calle,BELGRANO,1600,,,,,1,2,0,2,0,Colisión entre vehículos,Colisión entre vehículos,S/D,,,2,Recta,Intersección / cruce,,NO,,Hormigón,,Apto,Seca,,Ninguna,,,,,,,Día,NO,Sin Restricción,Despejado,Buena,,
98256,OBSERVATORIO VIAL,2021-08-09,14:15:00,CORRIENTES,18,CAPITAL,21,CORRIENTES,Urbana,Avenida,PAYSANDU,3500,COSQUIN,,-2.749.474,-5.882.475,2,1,0,2,0,Colisión entre vehículos,Colisión entre vehículos,S/D,,,2,Recta,Intersección / cruce,,NO,,Hormigón,,Apto,Seca,,Ninguna,,,,S/D,S/D,S/D,Día,NO,Sin Restricción,Despejado,Buena,,Sin Semáforo
105533,OBSERVATORIO VIAL,2021-08-09,0:30:00,CORRIENTES,18,CAPITAL,21,CORRIENTES,Urbana,Avenida,AV IV CENTENARIO,1600,GUTEMBERG,,,,2,0,0,2,0,Colisión entre vehículos,Colisión entre vehículos,S/D,,,2,Curva,Intersección / cruce,,NO,,Hormigón,,Apto,Seca,,Ninguna,,,,Si,S/D,S/D,Noche,SI,Sin Restricción,Despejado,Buena,,Sin Semáforo
123410,MUNICIPALIDAD DE CORRIENTES,2021-08-08,11:45:00,CORRIENTES,18,CAPITAL,21,CORRIENTES,Urbana,Calle,RUTA 12,,CUBA,,,,1,1,0,2,0,Colisión entre vehículos,Colisión entre vehículos,S/D,,,2,Recta,Intersección / cruce,,NO,,Asfalto,,Apto,Seca,,,,,,,,,Día,NO,Sin Restricción,Despejado,Buena,,Sin Semáforo
95187,OBSERVATORIO VIAL,2021-08-07,6:45:00,CORRIENTES,18,CAPITAL,21,CORRIENTES,Urbana,Avenida,AV MAIUPU,1800,FRAGATA LA ARGENTINA,,-2.749.483,-5.881.745,1,1,0,2,0,Colisión entre vehículos,Colisión entre vehículos,S/D,,Alcance,2,Recta,Intersección / cruce,,NO,,Asfalto,,Apto,Seca,,Ninguna,,,,No,No,No,Día,NO,Sin Restricción,Despejado,Buena,,Sin Semáforo