id_feu,unidad_regional,siniestro_fecha,siniestro_hora,provincia,id_provincia,departamento,id_departamento,localidad,zona_ocurrencia,via_publica,nombre_via,altura_km,entre_calle_1,entre_calle_2,latitud,longitud,ilesos,heridos,fallecidos,vehiculos,peatones,tipo_siniestro_multiple,tipo_siniestro_unico,despiste_previo,tipo_siniestro_otro,tipo_colision,cantidad_de_involucrados,trazado_via,configuracion_de_la_via,configuracion_de_la_via_otro_tipo,pendiente_declive,cono_de_vision,material_de_la_calzada,material_de_la_calzada_otro,estado_de_la_calzada,estado_fisico_ambiental,estado_de_conservacion_otro,division_fisica_de_la_via,division_fisica_de_la_via_otro,barreras_de_seguridad,banquinas,senalizacion_carteleria,senalizacion_horizontal,senalizacion_transitoria,luminosidad,luz_artificial,transito_restringido,estado_ambiental,visibilidad,visibilidad_otro,semaforo
131699,MUNICIPALIDAD DE CORRIENTES,2021-08-07,12:05:00,CORRIENTES,18,CAPITAL,21,CORRIENTES,Urbana,Avenida,INDEPENDENCIA,3600,GUEMES,,,,3,0,0,3,0,Colisión entre vehículos,Colisión entre vehículos,S/D,,,3,Recta,Intersección / cruce,,NO,,Asfalto,,Apto,Seca,,Ninguna,,,,Si,Si,Si,Día,NO,Sin Restricción,Despejado,Buena,,Funciona
95210,OBSERVATORIO VIAL,2021-08-07,11:15:00,CORRIENTES,18,CAPITAL,21,CORRIENTES,Urbana,Calle,9DE JULIO,1140,MENDOZA,CORDOBA,-2.746.660,-5.883.490,1,1,0,2,0,Colisión entre vehículos,Colisión entre vehículos,S/D,,Lateral,2,Recta,,RECTA,NO,,Asfalto,,Apto,Seca,,Ninguna,,,,Si,Si,No,Día,NO,Sin Restricción,Despejado,Buena,,Sin Semáforo
118283,OBSERVATORIO VIAL,2021-08-07,12:20:00,CORRIENTES,18,CAPITAL,21,CORRIENTES,Urbana,Avenida,AV FRONDIZI,3400,SAN MARTIN,,,,1,2,0,2,0,Colisión entre vehículos,Colisión entre vehículos,S/D,,,2,Recta,Intersección / cruce,,NO,,Asfalto,,Apto,Seca,,Ninguna,,,,S/D,S/D,S/D,Día,NO,Sin Restricción,Despejado,Buena,,Sin Semáforo
126983,MUNICIPALIDAD DE CORRIENTES,2021-08-06,8:10:00,CORRIENTES,18,CAPITAL,21,CORRIENTES,Urbana,Calle,GUTEMBERG,1900,NECOCHEA,,,,3,0,0,2,0,Colisión entre vehículos,Colisión entre vehículos,S/D,,Angulo,2,Recta,Intersección / cruce,,NO,,Asfalto,,Apto,Seca,,Otro,,,,S/D,S/D,S/D,Día,NO,Sin Restricción,Despejado,Buena,,Sin Semáforo
118291,MUNICIPALIDAD DE CORRIENTES,2021-08-04,21:40:00,CORRIENTES,18,CAPITAL,21,CORRIENTES,Urbana,Avenida,AV. CHACABUCO,1499,FERRE,PASAJE SARMIENTO,,,3,1,0,3,0,Colisión entre vehículos,Colisión entre vehículos,S/D,,Multiple,3,Recta,,SOBRE AVENIDA,NO,,Hormigón,,Apto,Seca,,Cordón Divisorio,,,,,Si,,Noche,SI,,Despejado,Buena,,Funciona
118294,SEG VIAL,2021-08-04,23:30:00,CORRIENTES,18,CAPITAL,21,CORRIENTES,Urbana,Avenida,AV FERRÉ,,AV.ARTIGAS,,,,2,0,0,2,0,Colisión entre vehículos,Colisión entre vehículos,S/D,,Lateral,2,Recta,Intersección / cruce,,NO,,Asfalto,,Apto,Seca,,,,,,Si,Si,Si,Noche,SI,Sin Restricción,Despejado,Buena,,Funciona
110428,OBSERVATORIO VIAL,2021-08-04,9:30:00,CORRIENTES,18,CAPITAL,21,CORRIENTES,Urbana,Ruta Provincial,5,1 1/2,ARTURO ILIA,,-2.748.990,-5.875.754,2,1,0,2,0,Colisión entre vehículos,Colisión entre vehículos,S/D,,,2,Recta,Intersección / cruce,,NO,,Asfalto,,Apto,Despejada,,Ninguna,,,,No,No,Si,Día,NO,Sin Restricción,Despejado,Buena,,Sin Semáforo
126300,Capital,2021-08-04,11:00:00,CORRIENTES,18,CAPITAL,21,CORRIENTES,Urbana,Calle,9 de julio,700,Tucumán,,-2.746.609,-5.884.153,1,0,0,1,0,Despiste,Despiste,Si,,,1,Recta,,,NO,,Asfalto,,Apto,Mojada,,,,,,,,,Día,NO,Sin Restricción,,Lluvia,,
98764,OBSERVATORIO VIAL,2021-08-04,13:10:00,CORRIENTES,18,CAPITAL,21,CORRIENTES,Urbana,Avenida,AV FERRE,2200,ROCA,,-2.747.715,-5.882.369,2,0,0,2,0,Colisión entre vehículos,Colisión entre vehículos,S/D,,Alcance,2,Recta,Intersección / cruce,,NO,,Asfalto,,,Seca,,Ninguna,,,,Si,No,No,Día,,Sin Restricción,Despejado,Buena,,Funciona
119123,DIRECCIÓN DE ED VIAL,2021-08-03,12:00:00,CORRIENTES,18,CAPITAL,21,CORRIENTES,Urbana,Calle,,,FACUNDO,,,,2,1,0,2,0,Colisión entre vehículos,Colisión entre vehículos,S/D,,Angulo,2,Recta,Intersección / cruce,,NO,,Asfalto,,Apto,Mojada,,Ninguna,,,,S/D,S/D,S/D,Día,NO,Sin Restricción,Lluvia,Buena,,Sin Semáforo
114292,MUNICIPALIDAD DE CORRIENTES,2021-08-02,17:50:00,CORRIENTES,18,CAPITAL,21,CORRIENTES,Urbana,Calle,MEXICO,,GDOR MARTINEZ,,-2.746.950,-5.881.441,0,2,0,2,0,Colisión entre vehículos,Colisión entre vehículos,S/D,,Lateral,2,Recta,Intersección / cruce,,NO,,Hormigón,,Apto,Seca,,Ninguna,,,,S/D,S/D,S/D,Día,NO,Sin Restricción,Despejado,Buena,,Sin Semáforo
106268,OBSERVATORIO VIAL,2021-08-02,14:20:00,CORRIENTES,18,CAPITAL,21,CORRIENTES,Urbana,Calle,NIÑO JESUS,1900,LAS HERAS,,-2.748.489,-5.880.259,1,2,0,2,0,Colisión entre vehículos,Colisión entre vehículos,S/D,,,2,Recta,Intersección / cruce,,NO,,Tierra,,Apto,Seca,,Ninguna,,,,S/D,S/D,S/D,Día,SI,Sin Restricción,Despejado,Buena,,Sin Semáforo
125021,MUNICIPALIDAD DE CORRIENTES,2021-08-02,12:50:00,CORRIENTES,18,CAPITAL,21,CORRIENTES,Urbana,Avenida,3 DE abril,600,TUCUMAN,,,,3,1,0,3,0,Colisión entre vehículos,Colisión entre vehículos,S/D,,,3,Recta,,,NO,,Asfalto,,Apto,Seca,,,,,,Si,Si,Si,Día,NO,Sin Restricción,Despejado,Buena,,Funciona
115143,CORRIENTES CAPITAL,2021-08-01,8:10:00,CORRIENTES,18,CAPITAL,21,CORRIENTES,Urbana,Avenida,AV MAIPÚ,847,CAZADORES CTINOS,,-2.748.648,-5.882.311,1,1,0,2,0,Colisión entre vehículos,Colisión entre vehículos,S/D,,Angulo,2,Recta,Intersección / cruce,,NO,,Asfalto,,Apto,Seca,,,,,,Si,,,Día,SI,Sin Restricción,Despejado,Buena,,Funciona
95911,OBSERVATORIO VIAL,2021-07-31,15:15:00,CORRIENTES,18,CAPITAL,21,CORRIENTES,Urbana,Avenida,AV 3 DE ABRIL,600,ALBERDI,,-2.747.485,-5.884.434,2,0,0,2,0,Colisión entre vehículos,Colisión entre vehículos,S/D,,,2,Recta,Intersección / cruce,,NO,,Hormigón,,Apto,Seca,,Ninguna,,,,Si,No,No,Día,NO,Sin Restricción,Despejado,,,Sin Semáforo
123440,MUNICIPALIDAD DE CORRIENTES,2021-07-31,11:05:00,CORRIENTES,18,CAPITAL,21,CORRIENTES,Urbana,Avenida,AV. 3 DE ABRIL,600,SAN LUIS,,,,2,0,0,2,0,Colisión entre vehículos,Colisión entre vehículos,S/D,,,2,Recta,Intersección / cruce,,NO,,Asfalto,,Apto,Seca,,,,,,Si,Si,Si,Día,NO,Sin Restricción,Despejado,Buena,,Funciona
119956,MUNICIPALIDAD DE CORRIENTES,2021-07-30,9:20:00,CORRIENTES,18,CAPITAL,21,CORRIENTES,Urbana,Avenida,AV FERRE,,ROCA,,,,3,0,0,3,0,Colisión entre vehículos,Colisión entre vehículos,S/D,,Multiple,3,Recta,,,NO,,Asfalto,,Apto,Seca,,Ninguna,,,,Si,Si,S/D,Día,NO,Sin Restricción,Despejado,,,Funciona
122556,DIRECCIÓN DE SEGURIDAD VIAL,2021-07-29,5:10:00,CORRIENTES,18,CAPITAL,21,CORRIENTES,Urbana,Ruta Provincial,5,1000,,,,,1,1,0,2,0,,,S/D,,,2,Recta,Fuera de calzada,,NO,,Asfalto,,Apto,Seca,,,,,,No,No,No,Noche,NO,Sin Restricción,Despejado,Buena,,
123442,MUNICIPALIDAD DE CORRIENTES,2021-07-28,11:50:00,CORRIENTES,18,CAPITAL,21,CORRIENTES,Urbana,Avenida,MAIPU,2400,VALPARAISO,,,,1,1,0,2,0,Colisión entre vehículos,Colisión entre vehículos,S/D,,,2,Recta,Intersección / cruce,,NO,,Asfalto,,Apto,Seca,,,,,,,,,Día,NO,,Despejado,Buena,,
118308,MUNICIPALIDAD DE CORRIENTES,2021-07-28,13:15:00,CORRIENTES,18,,,CORRIENTES,Urbana,Avenida,AV. MAIPU,4800,,,,,1,1,0,2,0,Colisión entre vehículos,Colisión entre vehículos,S/D,,,2,Curva,Intersección / cruce,,NO,,Asfalto,,Apto,Seca,,,,,,Si,Si,S/D,Día,NO,Sin Restricción,Despejado,,,Sin Semáforo
119944,DIRECCIÓN GENERAL DE SEG VIAL,2021-07-27,8:40:00,CORRIENTES,18,CAPITAL,21,CORRIENTES,Urbana,Ruta Provincial,Nº 5,,,,,,4,2,0,2,0,Colisión entre vehículos,Colisión entre vehículos,S/D,,,2,Recta,Intersección / cruce,,,,Asfalto,,Apto,,,Ninguna,,,,S/D,S/D,S/D,Día,NO,Sin Restricción,"Despejado, Viento",Buena,,Sin Semáforo
116016,OBSERVATORIO VIAL,2021-07-25,21:10:00,CORRIENTES,18,CAPITAL,21,CORRIENTES,Urbana,Avenida,AV INDEPENDENCIA,4300,RIO JURAMENTO,,-2.748.141,-5.879.934,0,1,0,1,0,Colisión entre vehículos,Colisión entre vehículos,S/D,,,1,Recta,Intersección / cruce,,NO,,Asfalto,,Apto,Seca,,Ninguna,,,,S/D,S/D,S/D,Noche,NO,Sin Restricción,Despejado,,,Sin Semáforo
106219,OBSERVATORIO VIAL,2021-07-24,22:42:00,CORRIENTES,18,CAPITAL,21,CORRIENTES,Urbana,Avenida,AV C.CORRENTINO,3000,AV CHACABUCO,,-2.748.676,-5.881.618,2,0,0,2,0,Colisión entre vehículos,Colisión entre vehículos,S/D,,,2,Recta,Intersección / cruce,,NO,,Asfalto,,Apto,Seca,,Ninguna,,,,Si,,,Noche,SI,Sin Restricción,Despejado,Buena,,Funciona
91690,OBSERVATORIO VIAL,2021-07-24,7:50:00,CORRIENTES,18,CAPITAL,21,CORRIENTES,Urbana,Avenida,AV INDEPENDENCIA,5500,ROTONDA DE LA VIRGEN DE ITATI,,-2.748.435,-5.878.327,1,1,0,2,0,Colisión entre vehículos,Colisión entre vehículos,S/D,,Angulo,2,Curva,Rotonda,,NO,,Asfalto,,Apto,Seca,,,,,,S/D,S/D,S/D,Día,NO,Sin Restricción,Despejado,Buena,,Sin Semáforo
124203,DIRECCIÓN DE SEG VIAL,2021-07-19,11:54:00,CORRIENTES,18,CAPITAL,21,CORRIENTES,Urbana,Avenida,AV. FERRE,,CHILE,,,,3,0,0,3,0,Colisión entre vehículos,Colisión entre vehículos,S/D,,"Alcance, Multiple",3,Recta,Intersección / cruce,,NO,,Hormigón,,Apto,Seca,,,,,,Si,Si,No,Día,NO,Sin Restricción,Despejado,Buena,,Funciona
124391,MUNICIPALIDAD DE CORRIENTES,2021-07-19,10:20:00,CORRIENTES,18,CAPITAL,21,CORRIENTES,Urbana,Calle,QUINTANA,1400,,,,,2,1,0,2,0,Colisión entre vehículos,Colisión entre vehículos,S/D,,,2,Recta,Intersección / cruce,,NO,,Asfalto,,Apto,Seca,,,,,,,,,Día,NO,,Despejado,Buena,,
132603,MUNICIPALIDAD DE CORRIENTES,2021-07-19,11:00:00,CORRIENTES,18,CAPITAL,21,CORRIENTES,Urbana,Calle,CATAMARCA,1100,,,,,1,1,0,2,0,Colisión entre vehículos,Colisión entre vehículos,S/D,,,2,Recta,Intersección / cruce,,NO,,Asfalto,,Apto,Seca,,,,,,,,,Día,NO,Sin Restricción,Despejado,Buena,,
127022,MUNICIPALIDAD DE CORRIENTES,2021-07-19,11:50:00,CORRIENTES,18,CAPITAL,21,CORRIENTES,Urbana,Avenida,AV 3 DE ABRIL,,SALTA,,,,3,2,0,3,0,Colisión entre vehículos,Colisión entre vehículos,S/D,,Alcance,3,Recta,,,NO,,Asfalto,,Apto,,,Ninguna,,,,Si,Si,No,Día,,Sin Restricción,Despejado,Buena,,Funciona
132597,MUNICIPALIDAD DE CORRIENTES,2021-07-17,10:28:00,CORRIENTES,18,CAPITAL,21,CORRIENTES,Urbana,Calle,J.R. VIDAL,1700,CABILDO,,,,2,1,0,2,0,Colisión entre vehículos,Colisión entre vehículos,S/D,,Angulo,2,Recta,Intersección / cruce,,NO,,Asfalto,,Apto,Seca,,,,,,No,No,No,Día,NO,Sin Restricción,Despejado,Buena,,Sin Semáforo
114280,MUNICIPALIDAD DE CORRIENTES,2021-07-17,22:15:00,CORRIENTES,18,CAPITAL,21,CORRIENTES,Urbana,Avenida,AV. MAIPU,1502,ASUNCION,,,,1,2,0,2,0,Colisión entre vehículos,Colisión entre vehículos,S/D,,,2,Recta,Intersección / cruce,,NO,,Asfalto,,Apto,Seca,,,,,,,,,Noche,SI,,Despejado,Buena,,
118290,SEG VIAL,2021-07-16,2:00:00,CORRIENTES,18,CAPITAL,21,CORRIENTES,Urbana,Calle,NECOCHEA,,ELIAS ABAD,,,,2,0,0,2,0,Colisión entre vehículos,Colisión entre vehículos,S/D,,Lateral,2,Recta,Intersección / cruce,,NO,,Hormigón,,Apto,Seca,,Ninguna,,,,No,No,No,Noche,SI,Sin Restricción,Despejado,Buena,,Sin Semáforo
119973,MUNICIPALIDAD DE CORRIENTES,2021-07-15,11:10:00,CORRIENTES,18,CAPITAL,21,CORRIENTES,Urbana,Avenida,,,CATAMARCA,,,,2,0,0,2,0,Colisión entre vehículos,Colisión entre vehículos,S/D,,,2,Recta,,,NO,,Asfalto,,Apto,Seca,,,,,,S/D,S/D,S/D,Día,NO,Sin Restricción,Despejado,Buena,,
126354,MUNICIPALIDAD DE CORRIENTES,2021-07-14,18:30:00,CORRIENTES,18,CAPITAL,21,CORRIENTES,Urbana,Avenida,SAN LORENZO,,AV. TENIENTE IBAÑEZ,,,,2,0,0,2,0,Colisión entre vehículos,Colisión entre vehículos,S/D,,,2,Recta,Intersección / cruce,,NO,,,,Apto,Mojada,,Ninguna,,,,S/D,S/D,S/D,,NO,Sin Restricción,Lluvia,Buena,,Sin Semáforo
96770,OBSERVATORIO VIAL,2021-07-14,13:32:00,CORRIENTES,18,CAPITAL,21,CORRIENTES,Urbana,Avenida,AV MAIPU,820,,,-2.748.196,-5.882.685,1,1,0,2,0,Colisión entre vehículos,Colisión entre vehículos,S/D,,,2,Recta,Intersección / cruce,,NO,,Asfalto,,Apto,Seca,,Ninguna,,,,Si,No,No,Día,NO,,,,,Sin Semáforo
108413,OBSERVATORIO VIAL,2021-07-13,17:40:00,CORRIENTES,18,CAPITAL,21,CORRIENTES,Urbana,Avenida,AV RIO CHICO,4500,UNNE,,-2.746.144,-5.878.488,1,2,0,2,0,Colisión entre vehículos,Colisión entre vehículos,S/D,,,2,Recta,Intersección / cruce,,NO,,Hormigón,,Apto,Seca,,Cordón Divisorio,,,,S/D,S/D,S/D,Atardecer,NO,Sin Restricción,Despejado,Buena,,Sin Semáforo
98266,OBSERVATORIO VIAL,2021-07-13,20:30:00,CORRIENTES,18,CAPITAL,21,CORRIENTES,Urbana,Avenida,AV MAIPU,6000,,,-2.753.274,-5.877.248,2,1,0,2,0,Colisión entre vehículos,Colisión entre vehículos,S/D,,,2,Recta,Intersección / cruce,,NO,,Asfalto,,Apto,Seca,,Ninguna,,,,S/D,S/D,S/D,Noche,SI,Sin Restricción,Despejado,Buena,,Sin Semáforo
111117,OBSERVATORIO VIAL,2021-07-11,23:50:00,CORRIENTES,18,CAPITAL,21,CORRIENTES,Urbana,Ruta Nacional,12,1,AV INDEPENDENCIA,AV.C.CORRENTINO,-2.748.594,-5.878.167,0,1,0,1,0,Colisión entre vehículos,Colisión entre vehículos,S/D,,,1,Recta,,RECTA,NO,,Asfalto,,"Ahuellamiento, En reparación",Seca,,Ninguna,,,,No,No,Si,Noche,NO,Sin Restricción,Despejado,Buena,,Sin Semáforo
122563,MUNICIPALIDAD DE CORRIENTES,2021-07-10,13:56:00,CORRIENTES,18,CAPITAL,21,CORRIENTES,Urbana,Calle,AV. MAIPÚ,1400,,,,,1,1,0,2,0,Colisión entre vehículos,Colisión entre vehículos,S/D,,Rozamiento,2,Curva,Intersección / cruce,,NO,,Asfalto,,Apto,Seca,,Ninguna,,,,Si,,,Día,NO,Sin Restricción,Despejado,Buena,,Sin Semáforo
124127,Capital,2021-07-09,19:50:00,CORRIENTES,18,CAPITAL,21,CORRIENTES,Urbana,Avenida,Av Pujol,400,Jujuy,,-2.746.287,-5.882.729,1,1,0,2,0,Colisión entre vehículos,Colisión entre vehículos,S/D,,Angulo,2,Recta,Intersección / cruce,,NO,,Asfalto,,Apto,Seca,,,,,,,,,,NO,Sin Restricción,Despejado,Buena,,Funciona
110429,OBSERVATORIO VIAL,2021-07-09,11:07:00,CORRIENTES,18,CAPITAL,21,CORRIENTES,Urbana,Calle,ROCA,1551,,,-2.747.646,-5.882.353,1,1,0,1,0,"Caída desde vehículo, Colisión entre vehículos",Colisión entre vehículos,S/D,,,1,Recta,Intersección / cruce,,NO,,Asfalto,,Apto,Despejada,,Ninguna,,,,Si,Si,No,Día,NO,Sin Restricción,Despejado,Buena,,Sin Semáforo
126974,MUNICIPALIDAD DE CORRIENTES,2021-07-07,22:15:00,CORRIENTES,18,CAPITAL,21,CORRIENTES,Urbana,Calle,RIVADAVIA,1600,PARAGUAY,,,,1,0,0,1,0,Caída desde vehículo,Caída desde vehículo,S/D,,,1,Recta,Intersección / cruce,,,,Asfalto,,Apto,Seca,,,,,,S/D,S/D,,Noche,SI,Sin Restricción,Despejado,Buena,,Sin Semáforo
120719,MUNICIPALIDAD DE CORRIENTES,2021-07-06,11:45:00,CORRIENTES,18,CAPITAL,21,CORRIENTES,Urbana,Avenida,ARMENIA,,URUNDAY,,,,1,1,0,2,0,Colisión entre vehículos,Colisión entre vehículos,S/D,,Angulo,2,Recta,Intersección / cruce,,NO,,Asfalto,,Apto,Seca,,Ninguna,,,,Si,No,No,Día,NO,Sin Restricción,Despejado,Buena,,Sin Semáforo
120762,MUNICIPALIDAD DE CORRIENTES,2021-07-06,20:00:00,CORRIENTES,18,CAPITAL,21,CORRIENTES,Urbana,Calle,FERRE,2500,,,,,2,0,0,2,0,Colisión entre vehículos,Colisión entre vehículos,S/D,,,2,Recta,Intersección / cruce,,NO,,Asfalto,,Apto,Seca,,,,,,Si,Si,Si,Noche,SI,Sin Restricción,Despejado,Buena,,Funciona
124133,MUNICIPALIDAD DE CORRIENTES,2021-07-04,9:45:00,CORRIENTES,18,CAPITAL,21,CORRIENTES,Urbana,Avenida,AV. CENTENARIO,4100,,,,,2,0,0,2,0,Colisión entre vehículos,Colisión entre vehículos,S/D,,,2,Recta,Intersección / cruce,,NO,,Asfalto,,Apto,Seca,,,,,,,,,Día,NO,Sin Restricción,,Buena,,
130967,MUNICIPALIDAD DE CORRIENTES,2021-07-03,11:40:00,CORRIENTES,18,CAPITAL,21,CORRIENTES,Urbana,Calle,ESPAÑA,,BOLIVAR,,,,1,1,0,2,0,Colisión entre vehículos,Colisión entre vehículos,S/D,,Angulo,2,Recta,Intersección / cruce,,,,Asfalto,,Apto,Seca,,,,,,No,No,,Día,NO,Sin Restricción,Despejado,Buena,,Sin Semáforo
119961,MUNICIPALIDAD DE CORRIENTES,2021-07-02,13:30:00,CORRIENTES,18,CAPITAL,21,CORRIENTES,Urbana,Calle,REPUBLICA DOMINICANA,3300,SUIZA,,,,2,0,0,2,0,Colisión entre vehículos,Colisión entre vehículos,S/D,,Angulo,2,Recta,Intersección / cruce,,NO,,Asfalto,,Apto,Seca,,,,,,Si,No,No,Día,NO,,Despejado,,,Sin Semáforo
120759,MUNICIPALIDAD DE CORRIENTES,2021-07-02,19:55:00,CORRIENTES,18,CAPITAL,21,CORRIENTES,Urbana,Calle,RAUL ALFONSIN,4133,,,,,2,0,0,2,0,Colisión entre vehículos,Colisión entre vehículos,S/D,,,2,Recta,Intersección / cruce,,NO,,Asfalto,,Apto,Seca,,,,,,No,No,No,Noche,SI,Sin Restricción,Despejado,Buena,,Sin Semáforo
115972,OBSERVATORIO VIAL,2021-07-01,8:00:00,CORRIENTES,18,CAPITAL,21,CORRIENTES,Urbana,Avenida,AV CHACABUCO,1300,ALTE BRON,,-2.747.443,-5.881.366,1,1,0,2,0,Colisión entre vehículos,Colisión entre vehículos,S/D,,,2,Recta,Intersección / cruce,,NO,,Asfalto,,Apto,Seca,,Ninguna,,,,S/D,S/D,S/D,Día,NO,Sin Restricción,Despejado,Buena,,Sin Semáforo
121657,MUNICIPALIDAD DE CORRIENTES,2021-07-01,2:30:00,CORRIENTES,18,CAPITAL,21,CORRIENTES,Urbana,Calle,SANTIAGO DEL ESTERO,350,JUNCAL,,,,1,1,0,2,0,Colisión entre vehículos,Colisión entre vehículos,S/D,,,2,Recta,Intersección / cruce,,NO,,Asfalto,,Apto,Seca,,,,,,,,,Noche,SI,,Despejado,Buena,,
131729,MUNICIPALIDAD DE CORRIENTES,2021-06-30,5:25:00,CORRIENTES,18,CAPITAL,21,CORRIENTES,Urbana,Ruta Provincial,5,0.4,,,,,1,0,0,1,0,Colisión entre vehículos,Colisión entre vehículos,S/D,,,1,Recta,,,NO,,Asfalto,,Apto,Seca,,Ninguna,,,,,,,Amanecer,NO,Sin Restricción,Despejado,Buena,,
106275,OBSERVATORIO VIAL,2021-06-30,15:25:00,CORRIENTES,18,CAPITAL,21,CORRIENTES,Urbana,Calle,SAN JUAN,1800,GRAL PAZ,,-2.747.816,-5.883.818,1,1,0,2,0,Colisión entre vehículos,Colisión entre vehículos,S/D,,Lateral,2,Recta,Intersección / cruce,,NO,,Asfalto,,Apto,Seca,,Ninguna,,,,S/D,S/D,S/D,Día,NO,Sin Restricción,Despejado,Buena,,Sin Semáforo
106278,OBSERVATORIO VIAL,2021-06-30,18:05:00,CORRIENTES,18,CAPITAL,21,CORRIENTES,Urbana,Avenida,AV PUJOL,1700,ROLON,,-2.746.138,-5.882.913,2,0,0,2,0,Colisión entre vehículos,Colisión entre vehículos,S/D,,,2,Recta,Intersección / cruce,,NO,,Asfalto,,Apto,Seca,,Ninguna,,,,S/D,S/D,S/D,Día,NO,Sin Restricción,Despejado,Buena,,Sin Semáforo
127014,MUNICIPALIDAD DE CORRIENTES,2021-06-29,11:15:00,CORRIENTES,18,CAPITAL,21,CORRIENTES,Urbana,Calle,BRASIL,1200,,,,,3,0,0,3,0,Colisión entre vehículos,Colisión entre vehículos,S/D,,Alcance,3,Recta,,,NO,,Asfalto,,Apto,Seca,,,,,,Si,No,No,Día,NO,Sin Restricción,Despejado,Buena,,Sin Semáforo
106281,OBSERVATORIO VIAL,2021-06-28,14:00:00,CORRIENTES,18,CAPITAL,21,CORRIENTES,Urbana,Calle,AZCUENAGA,2800,,,-2.750.315,-5.880.275,1,1,0,2,0,Colisión entre vehículos,Colisión entre vehículos,S/D,,,2,Recta,Intersección / cruce,RECTA,NO,,Asfalto,,Apto,Seca,,Ninguna,,,,S/D,S/D,S/D,Día,NO,Sin Restricción,Despejado,Buena,,Sin Semáforo
108451,OBSERVATORIO VIAL,2021-06-27,20:40:00,CORRIENTES,18,CAPITAL,21,CORRIENTES,Urbana,Calle,CORDOBA,1100,JUNIN,,,,1,1,0,2,0,Colisión entre vehículos,Colisión entre vehículos,S/D,,,2,Recta,Intersección / cruce,,NO,,Asfalto,,Apto,Seca,,Ninguna,,,,S/D,S/D,S/D,Noche,NO,Sin Restricción,Despejado,Buena,,Sin Semáforo
113311,MUNICIPALIDAD DE CORRIENTES,2021-06-27,6:45:00,CORRIENTES,18,CAPITAL,21,CORRIENTES,Urbana,Calle,CARTAGENA,3091,RECONQUISTA,,,,0,1,1,2,0,Colisión entre vehículos,Colisión entre vehículos,S/D,,Frontal,2,Recta,Intersección / cruce,,NO,,Asfalto,,Apto,"Despejada, Seca",,Ninguna,,,,No,No,No,Noche,,Sin Restricción,Despejado,Buena,,Sin Semáforo
120725,MUNICIPALIDAD DE CORRIENTES,2021-06-25,8:45:00,CORRIENTES,18,CAPITAL,21,CORRIENTES,Urbana,Calle,ESPAÑA,1533,,,,,1,1,0,2,0,Colisión entre vehículos,Colisión entre vehículos,S/D,,Angulo,2,Recta,Intersección / cruce,,NO,,Asfalto,,Apto,Seca,,,,,,No,No,No,Día,NO,Sin Restricción,Despejado,Buena,,Sin Semáforo
113324,MUNICIPALIDAD DE CORRIENTES,2021-06-25,20:00:00,CORRIENTES,18,CAPITAL,21,CORRIENTES,,Avenida,Maipú,3260,TILCARA,,,,2,0,0,2,0,Colisión entre vehículos,Colisión entre vehículos,S/D,,Alcance,2,Recta,,,NO,,Asfalto,,Apto,"Despejada, Seca",,Cordón Divisorio,,,,Si,No,No,Noche,SI,Sin Restricción,,,,Funciona
105519,OBSERVATORIO  VIAL,2021-06-25,0:30:00,CORRIENTES,18,CAPITAL,21,CORRIENTES,Urbana,Calle,LARREA,4500,SUSINI,,-2.749.149,-5.880.112,1,1,0,2,0,Colisión entre vehículos,Colisión entre vehículos,S/D,,,2,Recta,Intersección / cruce,,NO,,Hormigón,,Apto,Seca,,Ninguna,,,,Si,No,No,Noche,SI,Sin Restricción,Despejado,Buena,,Sin Semáforo
105910,OBSERVATORIO VIAL,2021-06-24,19:00:00,CORRIENTES,18,CAPITAL,21,CORRIENTES,Urbana,Avenida,AV C. CORRENTINO,3700,GUEMES,,-2.748.655,-5.880.830,0,2,0,2,0,Colisión entre vehículos,Colisión entre vehículos,S/D,,,2,Recta,Fuera de calzada,,NO,,Hormigón,,Apto,Seca,,Ninguna,,,,Si,Si,S/D,Noche,SI,Sin Restricción,Despejado,Buena,,Funciona