id_feu,unidad_regional,siniestro_fecha,siniestro_hora,provincia,id_provincia,departamento,id_departamento,localidad,zona_ocurrencia,via_publica,nombre_via,altura_km,entre_calle_1,entre_calle_2,latitud,longitud,ilesos,heridos,fallecidos,vehiculos,peatones,tipo_siniestro_multiple,tipo_siniestro_unico,despiste_previo,tipo_siniestro_otro,tipo_colision,cantidad_de_involucrados,trazado_via,configuracion_de_la_via,configuracion_de_la_via_otro_tipo,pendiente_declive,cono_de_vision,material_de_la_calzada,material_de_la_calzada_otro,estado_de_la_calzada,estado_fisico_ambiental,estado_de_conservacion_otro,division_fisica_de_la_via,division_fisica_de_la_via_otro,barreras_de_seguridad,banquinas,senalizacion_carteleria,senalizacion_horizontal,senalizacion_transitoria,luminosidad,luz_artificial,transito_restringido,estado_ambiental,visibilidad,visibilidad_otro,semaforo
113318,MUNICIPALIDAD DE CORRIENTES,2021-02-21,12:40:00,CORRIENTES,18,CAPITAL,21,CORRIENTES,,Calle,AV. CUBA,,TURÍN,,,,1,1,0,2,0,Colisión entre vehículos,Colisión entre vehículos,S/D,,Angulo,2,Recta,Intersección / cruce,,NO,,,,Apto,Seca,,Ninguna,,,,Si,No,No,Día,NO,Sin Restricción,Despejado,Buena,,Sin Semáforo
120750,MUNICIPALIDAD DE CORRIENTES,2021-02-21,15:49:00,CORRIENTES,18,CAPITAL,21,CORRIENTES,Urbana,Calle,DARRAGUEIRA,2070,,,,,1,0,0,4,0,Colisión entre vehículos,Colisión entre vehículos,S/D,,"Alcance, Multiple",4,Recta,,,NO,,Asfalto,,Apto,Seca,,,,,,Si,No,No,Día,NO,Sin Restricción,Despejado,Buena,,Sin Semáforo
111139,OBSERVATORIO VIAL,2021-02-21,19:50:00,CORRIENTES,18,CAPITAL,21,CORRIENTES,Urbana,Calle,LAVALLE,1400,CATAMARCA,,-2.747.745,-5.883.402,2,0,0,2,0,Colisión entre vehículos,Colisión entre vehículos,S/D,,,2,Recta,Intersección / cruce,,NO,,Asfalto,,Apto,Seca,,Ninguna,,,,Si,Si,No,Noche,NO,Sin Restricción,,Buena,,Sin Semáforo
122562,MUNICIPALIDAD DE CORRIENTES,2021-02-21,6:50:00,CORRIENTES,18,CAPITAL,21,CORRIENTES,Urbana,Avenida,AV. ARMENIA,4400,,,,,2,0,0,2,0,Colisión entre vehículos,Colisión entre vehículos,S/D,,,2,Recta,Intersección / cruce,,NO,,Asfalto,,Apto,Seca,,Ninguna,,,,,,,Día,NO,Sin Restricción,Despejado,Buena,,
111118,OBSERVATORIO VIAL,2021-02-21,0:30:00,CORRIENTES,18,CAPITAL,21,CORRIENTES,Urbana,Calle,LA PIEDRAS,900,CARACAS,,-2.747.249,-5.880.085,2,0,0,2,0,Colisión entre vehículos,Colisión entre vehículos,S/D,,,2,Recta,Intersección / cruce,,NO,,Hormigón,,Apto,Seca,,Ninguna,,,,No,No,No,Noche,NO,Sin Restricción,Despejado,Buena,,Sin Semáforo
124193,capital,2021-02-20,12:23:00,CORRIENTES,18,CAPITAL,21,CORRIENTES,Urbana,Avenida,Av Ferre,2100,Brasil,,-2.747.698,-5.882.505,2,0,0,2,0,Colisión entre vehículos,Colisión entre vehículos,S/D,,,2,Recta,,,NO,,Asfalto,,Apto,Seca,,,,,,,,,Día,NO,Sin Restricción,Despejado,Buena,,
126973,MUNICIPALIDAD DE CORRIENTES,2021-02-20,16:50:00,CORRIENTES,18,CAPITAL,21,CORRIENTES,Urbana,Avenida,TACUARÍ,,AV. INDEPENDENCIA,,-2.751.476,-5.875.405,2,0,0,2,0,Colisión entre vehículos,Colisión entre vehículos,S/D,,Alcance,2,Recta,Intersección / cruce,,NO,,Hormigón,,Apto,Seca,,Ninguna,,,,Si,Si,,Día,NO,,Despejado,Buena,,Funciona
95916,OBSERVATORIO VIAL,2021-02-20,11:00:00,CORRIENTES,18,CAPITAL,21,CORRIENTES,Urbana,Avenida,AV MAIPU,350,NECOCHEA,,-2.747.940,-5.882.890,1,1,0,2,0,Colisión entre vehículos,Colisión entre vehículos,S/D,,,2,Recta,Intersección / cruce,,NO,,Hormigón,,,,,,,,,Si,Si,No,Día,,,,,,Sin Semáforo
106227,OBSERVATORIO VIAL,2021-02-20,8:40:00,CORRIENTES,18,CAPITAL,21,CORRIENTES,Urbana,Calle,ESPAÑA,1400,RIVADAVIA,,-2.747.504,-5.883.000,1,2,0,2,0,Colisión entre vehículos,Colisión entre vehículos,S/D,,,2,Recta,Intersección / cruce,,NO,,Asfalto,,Apto,Seca,,Ninguna,,,,Si,No,No,Día,,Sin Restricción,Despejado,Buena,,Sin Semáforo
115945,OBSERVATORIO VIAL,2021-02-19,23:45:00,CORRIENTES,18,CAPITAL,21,CORRIENTES,Urbana,Avenida,AV. ARMENIA,2600,COLOMBIA,,-2.746.741,-5.881.609,1,1,0,2,0,Colisión entre vehículos,Colisión entre vehículos,S/D,,,2,Recta,Intersección / cruce,,NO,,Asfalto,,Apto,Seca,,Ninguna,,,,S/D,S/D,S/D,Noche,SI,Sin Restricción,Despejado,Buena,,Sin Semáforo
120749,MUNICIPALIDAD DE CORRIENTES,2021-02-18,16:55:00,CORRIENTES,18,CAPITAL,21,CORRIENTES,Urbana,Avenida,AV. FERRE,,PARAGUAY,,,,2,0,0,2,0,Colisión entre vehículos,Colisión entre vehículos,S/D,,,2,Recta,Intersección / cruce,,NO,,Asfalto,,Apto,Seca,,,,,,Si,Si,Si,Día,NO,Sin Restricción,Despejado,Buena,,
110431,OBSERVATORIO VIAL,2021-02-17,11:30:00,CORRIENTES,18,CAPITAL,21,CORRIENTES,Urbana,Avenida,AV CUBA,6500,MILAN,,-2.750.518,-5.878.757,2,0,0,2,0,Colisión entre vehículos,Colisión entre vehículos,S/D,,,2,Recta,Intersección / cruce,,NO,,Adoquín,,Apto,Seca,,Ninguna,,,,Si,S/D,S/D,Día,NO,Sin Restricción,Despejado,Buena,,Sin Semáforo
119976,MUNICIPALIDAD DE CORRIENTES,2021-02-17,2:00:00,CORRIENTES,18,CAPITAL,21,CORRIENTES,Urbana,,AV. PUJOL,,VELESARFIELD,,,,2,0,0,2,0,Colisión entre vehículos,Colisión entre vehículos,S/D,,Angulo,2,Recta,Intersección / cruce,,NO,,Asfalto,,Apto,Seca,,,,,,Si,Si,,Noche,SI,Sin Restricción,Despejado,Buena,,Funciona
108462,OBSERVATORIO VIAL,2021-02-17,11:45:00,CORRIENTES,18,CAPITAL,21,CORRIENTES,Urbana,Avenida,AV ALTA GRACIA,2400,,,,,1,1,0,2,0,Colisión entre vehículos,Colisión entre vehículos,S/D,,,2,Recta,Intersección / cruce,,NO,,Asfalto,,Apto,Seca,,Ninguna,,,,S/D,S/D,S/D,Día,NO,Sin Restricción,Despejado,Buena,,Sin Semáforo
97578,OBSERVATORIO VIAL,2021-02-16,9:20:00,CORRIENTES,18,CAPITAL,21,CORRIENTES,Urbana,Calle,PELLEGRINI,1842,,,-2.746.619,-5.882.723,1,1,0,2,0,Colisión entre vehículos,Colisión entre vehículos,S/D,,,2,Recta,,RECTA,NO,,Asfalto,,Apto,Seca,,Ninguna,,,,No,No,No,Día,NO,Sin Restricción,Despejado,Buena,,Sin Semáforo
107679,OBSERVATORIO VIAL,2021-02-15,8:00:00,CORRIENTES,18,CAPITAL,21,CORRIENTES,Urbana,Calle,SAN LUIS,1200,BOLIVAR,,-2.747.032,-5.884.325,1,1,0,2,0,Colisión entre vehículos,Colisión entre vehículos,S/D,,,2,Recta,Intersección / cruce,,NO,,Asfalto,,Apto,Seca,,Ninguna,,,,S/D,S/D,S/D,Día,NO,Sin Restricción,Despejado,Buena,,Sin Semáforo
114277,MUNICIPALIDAD DE CORRIENTES,2021-02-14,8:50:00,CORRIENTES,18,CAPITAL,21,CORRIENTES,Urbana,Avenida,ARMENIA,4200,LUGONES,,,,2,0,0,2,0,Colisión entre vehículos,Colisión entre vehículos,S/D,,,2,Recta,Intersección / cruce,,NO,,Asfalto,,Apto,,,,,,,Si,Si,S/D,Día,NO,Sin Restricción,Despejado,Buena,,Sin Semáforo
121564,MUNICIPALIDAD DE CORRIENTES,2021-02-13,16:45:00,CORRIENTES,18,CAPITAL,21,CORRIENTES,Urbana,Avenida,AV MAIPÚ,,PAULA ALBARRACÍN,,,,1,1,0,2,0,Colisión entre vehículos,Colisión entre vehículos,S/D,,,2,Curva,Intersección / cruce,,NO,,Asfalto,,Apto,Seca,,Ninguna,,,,Si,,,Día,NO,Sin Restricción,Despejado,Buena,,
119132,DIRECCIÓN DE SEG VIAL,2021-02-12,18:45:00,CORRIENTES,18,CAPITAL,21,,Urbana,Calle,AV. 3 DE ABRIL,,GDOR.TORRENTE,,,,2,0,0,2,0,Colisión entre vehículos,Colisión entre vehículos,S/D,,Angulo,2,Recta,Intersección / cruce,,NO,,Asfalto,,Apto,Seca,,Ninguna,,,,Si,,,Día,NO,Sin Restricción,Despejado,Buena,,Funciona
119144,MUNICIPALIDAD DE CORRIENTES,2021-02-10,12:55:00,CORRIENTES,18,CAPITAL,21,CORRIENTES,Urbana,Calle,YRIGOYEN,2289,PERU,,,,1,1,0,2,0,Colisión entre vehículos,Colisión entre vehículos,S/D,,,2,Recta,,,NO,,Asfalto,,Apto,Seca,,,,,,,,,Día,NO,Sin Restricción,Despejado,Buena,,
128638,MUNICIPALIDAD DE CORRIENTES,2021-02-10,0:20:00,CORRIENTES,18,CAPITAL,21,CORRIENTES,Urbana,Avenida,AV. RAUL  ALFONSIN,5000,,,,,2,1,0,2,0,Colisión entre vehículos,Colisión entre vehículos,S/D,,,2,Recta,Intersección / cruce,,NO,,Asfalto,,Apto,Seca,,Ninguna,,,,,,,Noche,SI,Sin Restricción,Despejado,Buena,,
122553,DIRECCIÓN DE SEGURIDAD VIAL,2021-02-10,8:15:00,CORRIENTES,18,CAPITAL,21,CORRIENTES,Urbana,Avenida,AV. JUAN DE VERA,,AV GOBERNADOR RUIZ,,,,1,1,0,2,0,Colisión entre vehículos,Colisión entre vehículos,S/D,,Lateral,2,Recta,Rotonda,,NO,,Asfalto,,Apto,"Despejada, Seca",,,,,,Si,Si,,Día,NO,Sin Restricción,Despejado,Buena,,Sin Semáforo
122883,Capital,2021-02-10,12:00:00,CORRIENTES,18,CAPITAL,21,CORRIENTES,Urbana,Avenida,Heroes Civiles,1000,3 de abril,,-2.747.542,-5.883.908,1,1,0,2,0,Colisión entre vehículos,Colisión entre vehículos,S/D,,Angulo,2,Recta,Intersección / cruce,,NO,,Asfalto,,Apto,Despejada,,Cordón Divisorio,,,,S/D,S/D,S/D,Día,NO,Sin Restricción,Despejado,Buena,,Funciona
132569,MUNICIPALIDAD DE CORRIENTES,2021-02-09,20:30:00,CORRIENTES,18,CAPITAL,21,CORRIENTES,Urbana,Calle,CARTAGENA,,RESOAGLI,,,,0,4,0,1,0,Caída desde vehículo,Caída desde vehículo,S/D,,,1,Recta,,,NO,,,,Apto,Seca,,,,,,,,,,NO,,,Buena,,
96775,OBSERVATORIO VIAL,2021-02-09,17:50:00,CORRIENTES,18,CAPITAL,21,CORRIENTES,Urbana,Avenida,AV R.R.ALFONSIN,3800,RESOAGLI,,-2.747.353,-5.880.347,2,1,0,2,0,Colisión entre vehículos,Colisión entre vehículos,S/D,,,2,Recta,Intersección / cruce,,NO,,Hormigón,,Apto,Seca,,Cordón Divisorio,,,,Si,Si,No,Atardecer,NO,Sin Restricción,Despejado,Buena,,Sin Semáforo
95903,OBSERVATORIO VIAL,2021-02-08,7:20:00,CORRIENTES,18,CAPITAL,21,CORRIENTES,Urbana,Ruta Nacional,12,1038,FRENTE CAPILLA SANTA MARAVILLA DE JESUS,,-2.743.206,-5.872.907,2,0,2,2,0,Colisión entre vehículos,Colisión entre vehículos,S/D,,,2,Recta,,"RECTA , RUTA",NO,,Hormigón,,Apto,Seca,,,,,,Si,No,No,Día,NO,Sin Restricción,Despejado,Buena,,Sin Semáforo
119118,DIRECCIÓN DE SEG VIAL,2021-02-08,10:30:00,CORRIENTES,18,,,,Urbana,Calle,TENIENTE IBAÑEZ,,ELIAS ABAD,,,,1,1,0,2,0,Colisión entre vehículos,Colisión entre vehículos,S/D,,,2,Recta,Intersección / cruce,,NO,,Hormigón,,Apto,,,,,,,Si,,,Día,NO,Sin Restricción,Despejado,Buena,,Sin Semáforo
124884,Capital,2021-02-08,8:34:00,CORRIENTES,18,CAPITAL,21,CORRIENTES,Urbana,Avenida,Cazadores Correntinos,3425,Castelli,,-2.748.723,-5.881.090,1,1,0,1,1,Atropello a peatón/es,Atropello a peatón/es,S/D,,,2,Recta,,,NO,,Asfalto,,Apto,Seca,,,,,,,,,Día,NO,Sin Restricción,Despejado,Buena,,
118279,OBSERVATORIO VIAL,2021-02-06,10:40:00,CORRIENTES,18,CAPITAL,21,CORRIENTES,Urbana,Avenida,AV ARMENIA,4200,Y LOS TILOS,,-2.746.918,-5.880.037,2,0,0,2,0,Colisión entre vehículos,Colisión entre vehículos,S/D,,,2,Recta,Intersección / cruce,,NO,,Asfalto,,Apto,Seca,,Ninguna,,,,S/D,S/D,S/D,Día,,Sin Restricción,Despejado,Buena,,Sin Semáforo
118282,OBSERVATORIO VIAL,2021-02-06,3:53:00,CORRIENTES,18,CAPITAL,21,CORRIENTES,Urbana,Calle,IGARZABAL,212,,,-2.750.700,-5.883.174,1,0,0,1,0,Colisión entre vehículos,Colisión entre vehículos,S/D,,,1,Recta,Fuera de calzada,,NO,,Tierra,,Apto,Seca,,Ninguna,,,,No,No,No,Noche,SI,Sin Restricción,Despejado,Buena,,Sin Semáforo
107688,OBSERVATORIO VIAL,2021-02-05,22:42:00,CORRIENTES,18,CAPITAL,21,CORRIENTES,Urbana,Calle,LAS PIEDRAS,2300,,,-2.748.843,-5.880.178,2,0,0,2,0,Colisión entre vehículos,Colisión entre vehículos,S/D,,Alcance,2,Recta,Intersección / cruce,,NO,,Asfalto,,Apto,Seca,,Ninguna,,,,S/D,S/D,S/D,Noche,SI,Sin Restricción,Despejado,Buena,,Sin Semáforo
93583,OBSERVATORIO VIAL,2021-02-04,12:34:00,CORRIENTES,18,CAPITAL,21,CORRIENTES,Urbana,Calle,MARIO PAYES,2000,Bª MOLINA PUNTA,,-2.754.530,-5.879.038,0,1,0,1,0,"Caída desde vehículo, Colisión entre vehículos",Colisión entre vehículos,S/D,,,1,Recta,Intersección / cruce,,NO,,Ripio,,Apto,Despejada,,Ninguna,,,,No,No,No,Día,NO,Sin Restricción,Despejado,Buena,,Sin Semáforo
112232,OBSERVATORIO VIAL,2021-02-03,11:59:00,CORRIENTES,18,CAPITAL,21,CORRIENTES,Urbana,Calle,GUTNISKY,1800,GARAY,,-2.749.769,-5.883.857,0,2,0,1,1,"Atropello a peatón/es, Colisión entre vehículos",Colisión entre vehículos,S/D,,,2,Recta,Intersección / cruce,,NO,,Asfalto,,Apto,Despejada,,Ninguna,,,,No,No,No,Día,NO,Sin Restricción,Despejado,Buena,,Sin Semáforo
94681,OBSERVATORIO VIAL,2021-02-03,8:44:00,CORRIENTES,18,CAPITAL,21,CORRIENTES,Urbana,Calle,CORDOBA,1300,BELGRANO,,-2.747.227,-5.883.495,2,0,0,2,0,Colisión entre vehículos,Colisión entre vehículos,S/D,,Alcance,2,Recta,Intersección / cruce,,NO,,Hormigón,,Apto,Mojada,,Ninguna,,,,Si,Si,No,Día,NO,Sin Restricción,Despejado,Buena,,Sin Semáforo
107992,OBSERVATORIO VIAL,2021-01-31,13:05:00,CORRIENTES,18,CAPITAL,21,CORRIENTES,Urbana,Calle,SANCHEZ DE BUSTAMANTE,1400,AGUSTIN MAZA,,-2.748.101,-5.878.769,2,0,0,2,0,"Colisión entre vehículos, Vuelco (solo 1 participante)",Colisión entre vehículos,S/D,,,2,Curva,Intersección / cruce,,NO,,Tierra,,Apto,Seca,,Ninguna,,,,No,No,No,Día,,Sin Restricción,Despejado,Buena,,Sin Semáforo
114267,MUNICIPALIDAD DE CORRIENTES,2021-01-30,18:30:00,CORRIENTES,18,CAPITAL,21,CORRIENTES,Urbana,Calle,Tacuarí,1700,Lavalle,,-2.748.142,-5.880.661,1,1,0,2,0,Colisión entre vehículos,Colisión entre vehículos,S/D,,Lateral,2,Recta,Intersección / cruce,,NO,,Hormigón,,Apto,"Despejada, Seca",,Cordón Divisorio,,,,S/D,S/D,S/D,Día,SI,Sin Restricción,Despejado,Buena,,Sin Semáforo
108913,OBSERVATORIO VIAL,2021-01-28,10:10:00,CORRIENTES,18,CAPITAL,21,CORRIENTES,Urbana,Calle,V. GOMEZ,2100,LA MADRID,,-2.748.217,-5.883.465,2,1,0,2,0,Colisión entre vehículos,Colisión entre vehículos,S/D,,,2,Recta,Intersección / cruce,,NO,,Hormigón,,Apto,Seca,,Ninguna,,,,Si,Si,No,Día,NO,Sin Restricción,Despejado,Buena,,Sin Semáforo
111127,OBSERVATORIO VIAL,2021-01-27,14:00:00,CORRIENTES,18,CAPITAL,21,CORRIENTES,Urbana,Avenida,AV LIBERTAD,5800,LAS VIOLETAS,,-2.746.288,-5.877.484,1,1,0,1,1,Colisión entre vehículos,Colisión entre vehículos,S/D,,,2,Recta,Intersección / cruce,,NO,,Asfalto,,Apto,Seca,,Ninguna,,,,S/D,S/D,S/D,Día,NO,Sin Restricción,Despejado,Buena,,Sin Semáforo
93585,OBSERVATORIO VIAL,2021-01-25,20:30:00,CORRIENTES,18,CAPITAL,21,CORRIENTES,Urbana,Avenida,AV FERRE,2000,URUGUAY,BRASIL,-2.747.687,-5.882.630,3,0,0,3,0,Colisión entre vehículos,Colisión entre vehículos,S/D,,,3,Recta,Intersección / cruce,,NO,,Asfalto,,Apto,Seca,,Cordón Divisorio,,,,Si,Si,No,Noche,SI,Sin Restricción,Despejado,Buena,,Funciona
98275,OBSERVATORIO VIAL,2021-01-24,15:35:00,CORRIENTES,18,CAPITAL,21,CORRIENTES,Urbana,Avenida,AV.C. CORRENTINOS,2200,LAS PIEDRAS,,-2.748.723,-5.880.141,6,2,0,2,0,Colisión entre vehículos,Colisión entre vehículos,S/D,,,2,Recta,,,NO,,Hormigón,,Apto,Seca,,Cordón Divisorio,,,,Si,No,No,Día,NO,Sin Restricción,Despejado,Buena,,Funciona
105561,OBSERVATORIO VIAL,2021-01-23,9:00:00,CORRIENTES,18,CAPITAL,21,CORRIENTES,Urbana,Avenida,AV LIBERTAD,5300,MADERO,,-2.746.544,-5.878.515,2,1,0,3,0,Colisión entre vehículos,Colisión entre vehículos,S/D,,Alcance,3,Recta,Intersección / cruce,,NO,,Hormigón,,Apto,Seca,,Cordón Divisorio,,,,Si,Si,S/D,Día,NO,Sin Restricción,Despejado,Buena,,Sin Semáforo
125022,MUNICIPALIDAD DE CORRIENTES,2021-01-22,9:45:00,CORRIENTES,18,CAPITAL,21,CORRIENTES,Urbana,Calle,SAN MARTIN,1100,MENDOZA,,,,2,0,0,2,0,Colisión entre vehículos,Colisión entre vehículos,S/D,,,2,Recta,Intersección / cruce,,NO,,Asfalto,,Apto,Seca,,,,,,,,,Día,NO,Sin Restricción,Despejado,Buena,,
98235,OBSERVATORIO VIAL,2021-01-22,1:50:00,CORRIENTES,18,CAPITAL,21,CORRIENTES,Urbana,Ruta Provincial,RUTA PROVINCIAL Nª 5,2 1/2,DR GABRE,,-2.748.996,-5.875.750,0,1,0,1,0,"Caída desde vehículo, Colisión entre vehículos",Colisión entre vehículos,S/D,,,1,Recta,Intersección / cruce,,NO,,Asfalto,,Apto,Seca,,Cordón Divisorio,,,,S/D,S/D,S/D,Noche,SI,Sin Restricción,Despejado,Buena,,Sin Semáforo
105567,OBSERVATORIO VIAL,2021-01-19,20:15:00,CORRIENTES,18,CAPITAL,21,CORRIENTES,Urbana,Avenida,AV TTE IBAÑEZ,1300,LISANDRO SEGOVIA,,-2.748.551,-5.883.644,0,2,0,2,0,Colisión entre vehículos,Colisión entre vehículos,S/D,,,2,Recta,Intersección / cruce,,NO,,Asfalto,,Apto,Seca,,Cordón Divisorio,,,,No,No,No,Noche,SI,Sin Restricción,Despejado,Buena,,Sin Semáforo
95904,OBSERVATORIO VIAL,2021-01-19,15:50:00,CORRIENTES,18,CAPITAL,21,CORRIENTES,Urbana,Ruta Provincial,5,"4,5",,,-2.749.197,-5.874.677,2,2,0,2,0,Colisión entre vehículos,Colisión entre vehículos,S/D,,,2,Recta,,RUTA,NO,,Asfalto,,Apto,Seca,,Ninguna,,,,S/D,S/D,S/D,Día,NO,Sin Restricción,Despejado,Buena,,Sin Semáforo
96788,OBSERVATORIO VIAL,2021-01-18,9:20:00,CORRIENTES,18,CAPITAL,21,CORRIENTES,Urbana,Calle,LAS PIEDRAS,1700,LA VALLE,,-2.748.282,-5.880.061,2,0,0,2,0,Colisión entre vehículos,Colisión entre vehículos,S/D,,,2,Recta,Intersección / cruce,,NO,,Hormigón,,Apto,,,Ninguna,,,,Si,Si,No,Día,NO,Sin Restricción,Despejado,Buena,,Sin Semáforo
100017,DIRECCION GENERAL DE EDUCACION VVIAL,2021-01-17,9:55:00,CORRIENTES,18,CAPITAL,21,,Urbana,Avenida,ARTIGAS,1100,ESTADO DE ISRAEL,,-2.747.275,-5.881.889,2,1,0,2,0,Colisión entre vehículos,Colisión entre vehículos,S/D,,Angulo,2,Recta,Intersección / cruce,,NO,,Asfalto,,Apto,Seca,,Ninguna,,,,No,No,No,Día,NO,Sin Restricción,Despejado,Buena,,Sin Semáforo
113322,MUNICIPALIDAD DE CORRIENTES,2021-01-17,13:05:00,CORRIENTES,18,CAPITAL,21,CORRIENTES,Urbana,Calle,CARTAGENA,3012,INGLATERRA,,,,1,2,0,2,0,Colisión entre vehículos,Colisión entre vehículos,S/D,,,2,Recta,Intersección / cruce,,NO,,Hormigón,,Apto,Seca,,Vegetación,,,,Si,Si,No,Día,NO,Sin Restricción,Despejado,Buena,,Sin Semáforo
121582,MUNICIPALIDAD DE CORRIENTES,2021-01-15,2:30:00,CORRIENTES,18,CAPITAL,21,CORRIENTES,Urbana,Avenida,AV. NICOLAS AVELLANEDA,,LAS PIEDRAS,,,,2,1,0,2,0,Colisión entre vehículos,Colisión entre vehículos,S/D,,Angulo,2,Recta,Intersección / cruce,,NO,,Asfalto,,Apto,,,Ninguna,,,,Si,,,Noche,SI,Sin Restricción,Nublado,Buena,,Intermitente
129573,MUNICIPALIDAD DE CORRIENTES,2021-01-14,11:37:00,CORRIENTES,18,CAPITAL,21,CORRIENTES,Urbana,Calle,AV.INDEPENDENCIA,5700,,,-2.748.402,-5.878.406,0,1,0,1,0,Caída desde vehículo,Caída desde vehículo,S/D,,,1,Recta,,,NO,,Asfalto,,Apto,Seca,,,,,,,,,Día,NO,Sin Restricción,Despejado,Buena,,
108420,OBSERVATORIO VIAL,2021-01-14,7:30:00,CORRIENTES,18,CAPITAL,21,CORRIENTES,Urbana,Ruta Nacional,12,6500,RIO CHICO,,,,1,1,0,2,0,Colisión entre vehículos,Colisión entre vehículos,S/D,,Angulo,2,Recta,Intersección / cruce,,NO,,Asfalto,,Apto,Seca,,Guardarraíl,,,,No,No,No,Día,NO,Sin Restricción,Despejado,Buena,,Sin Semáforo
95186,OBSERVATORIO VIAL,2021-01-12,17:30:00,CORRIENTES,18,CAPITAL,21,CORRIENTES,Urbana,Avenida,AV MEDRANO,4300,LORETO,,-2.750.593,-5.879.769,2,1,0,2,0,Colisión entre vehículos,Colisión entre vehículos,S/D,,,2,Recta,Intersección / cruce,,NO,,Hormigón,,Apto,"Despejada, Seca",,,,,,No,No,No,Día,NO,Sin Restricción,Despejado,Buena,,Sin Semáforo
124204,DIRECCION DE SEGURIDAD VIAL,2021-01-10,20:35:00,CORRIENTES,18,CAPITAL,21,CORRIENTES,Urbana,Avenida,AV. FERRE,2200,ROCA,,,,2,0,0,2,0,Colisión entre vehículos,Colisión entre vehículos,S/D,,Alcance,2,Recta,,,NO,,Hormigón,,Apto,Seca,,,,,,Si,Si,,Noche,SI,Sin Restricción,Despejado,Buena,,Funciona
132601,MUNICIPALIDAD DE CORRIENTES,2021-01-09,8:40:00,CORRIENTES,18,CAPITAL,21,CORRIENTES,Urbana,Avenida,AV. INDEPENDENCIA,4200,,,,,1,1,0,2,0,Colisión entre vehículos,Colisión entre vehículos,S/D,,,2,Recta,Intersección / cruce,,NO,,Asfalto,,Apto,Seca,,,,,,Si,Si,Si,Día,NO,,Despejado,Buena,,Funciona
108416,OBSERVATORIO VIAL,2021-01-07,21:36:00,CORRIENTES,18,CAPITAL,21,CORRIENTES,Urbana,Calle,SAN MARTIN,1200,ESPAÑA,,,,1,2,0,2,0,Colisión entre vehículos,Colisión entre vehículos,S/D,,,2,Recta,Intersección / cruce,,NO,,Hormigón,,Apto,Seca,,Barrera de Hormigón,,,,No,No,No,Noche,NO,Sin Restricción,Lluvia,Lluvia,,Sin Semáforo
105919,OBSERVATORIO VIAL,2021-01-04,11:00:00,CORRIENTES,18,CAPITAL,21,CORRIENTES,Urbana,Calle,GENERAL PAZ,37,,,-2.747.608,-5.885.330,1,0,0,1,0,Colisión entre vehículos,Colisión entre vehículos,S/D,,,1,Recta,Fuera de calzada,,NO,,Asfalto,,Apto,Seca,,Ninguna,,,,S/D,S/D,S/D,Día,NO,Sin Restricción,Despejado,Buena,,Sin Semáforo
108880,O.V.,2021-01-02,22:00:00,CORRIENTES,18,CAPITAL,21,CORRIENTES,Urbana,Avenida,AV.ARMENIA,4790,,,-2.746.691,-5.879.038,2,0,0,2,0,Colisión entre vehículos,Colisión entre vehículos,S/D,,Angulo,2,Recta,,RECTA,NO,,Asfalto,,Apto,Seca,,Ninguna,,,,S/D,S/D,S/D,Noche,NO,Sin Restricción,Despejado,Buena,,Funciona
119957,MUNICIPALIDAD DE CORRIENTES,2021-01-01,10:50:00,CORRIENTES,18,CAPITAL,21,CORRIENTES,Urbana,Avenida,AV. FERRE,2300,ROCA,,,,2,0,0,2,0,Colisión entre vehículos,Colisión entre vehículos,S/D,,,2,Recta,Intersección / cruce,,NO,,Asfalto,,Apto,Seca,,,,,,Si,,,Día,NO,Sin Restricción,Despejado,Buena,,Funciona